60939,恒指法兴八十牛Q.C
02001,新高教集团
02339,京西国际
01176,珠光控股
01572,中国艺术金融
02343,太平洋航运
00981,中芯国际
00893,中国铁钛
00431,大中华金融
01101,华荣能源
01631,REF HOLDINGS
02112,优库资源
02122,凯知乐国际
01626,旅业国际
02266,黎氏企业
03330,灵宝黄金
02888,渣打集团
00485,中国华星
02357,中航科工
03983,中海石油化学
00915,道和环球
03773,年年卡
01509,和美医疗
02345,上海集优
03689,康华医疗
03328,交通银行
00513,恒和集团
03638,华邦金融
01456,国联证券
02358,久融控股
02356,大新银行集团
03878,VICON HOLDINGS
01613,协同通信
08242,新威斯顿
01561,万辉化工
00978,招商局置地
03683,荣丰联合控股
01145,勇利投资
00363,上海实业控股
00830,远东环球
02386,中石化炼化工程
02393,巨星医疗控股
03319,雅生活服务
04335,英特尔-T
01155,星辰通信
00973,欧舒丹
03836,和谐汽车
02199,维珍妮
01355,^F国际
02198,中国三江化工
00895,东江环保
02048,易居企业控股
03830,童园国际
00916,龙源电力
01731,其利工业集团
02355,宝业集团
02337,众诚能源
02203,泰邦集团
01666,同仁堂科技
00422,越南制造加工出口
20173,太A麦银八乙购A.C
00975,蒙古焦煤
01588,畅捷通
01669,环球信贷集团
00985,中誉集团
00464,建福集团
03898,中车时代电气
02379,中天国际
00821,汇盈控股
00910,中国三迪
01636,中国金属利用
03899,中集安瑞科
03336,巨腾国际
00685,世界华文媒体
01072,东方电气
00683,嘉里建设
02133,中国多金属
02166,芯智控股
01099,国药控股
02088,西王置业
01660,兆邦基地产
01183,澳能建设
01596,翼辰实业
03778,中国织材控股
03686,祈福生活服务
01647,SHIS LTD
00930,中国森林
01369,五洲国际
03823,德普科技
01397,碧瑶绿色集团
02488,元征科技
08465,高科桥
00479,华建控股
00106,朗诗绿色集团
00102,凯升控股
02371,创联教育金融
01671,天保能源
01088,中国神华
02212,高鹏矿业
01680,澳门励骏
01612,永胜医疗
03320,华润医药
08195,乐亚国际
00840,天业节水
01006,长寿花食品
00068,利兴发展
00951,超威动力
00509,世纪阳光
00719,山东新华制药股份
00442,海福德集团
02225,Kakiko Group
01673,华章科技
00743,亚洲水泥(中国)
00898,万事昌国际
00933,光汇石油
01633,上谕集团
00705,鼎和矿业
02886,滨海投资
00996,嘉年华国际
00525,广深铁路股份
08479,金泰丰国际控股
01241,双桦控股
00901,鹰力投资
01639,安捷利实业
00938,民生国际
00044,香港飞机工程
02608,阳光100中国
02278,海蓝控股
08345,火岩控股
00976,齐合环保
00065,弘海高新资源
01285,嘉士利集团
00980,联华超市
02298,都市丽人
02302,中核国际
00958,华能新能源
01600,天伦燃气
02292,晋安实业
00503,朗生医药
01495,集一家居
00498,保华集团
02226,老恒和酿造
01665,槟杰科达
08395,齐家控股
00688,中国海外发展
01656,亿仕登控股
02368,鹰美
08172,拉近网娱
00912,信佳国际
01432,中国圣牧
02228,中国节能海东青
00426,万华媒体
00953,邵氏兄弟控股
01358,普华和顺
03822,三和建筑集团
00073,亚洲果业
00897,位元堂
01676,中国升海食品
01093,石药集团
02211,大健康国际
03363,正业国际
01689,华禧控股
08510,TOPSTANDARDCORP
03628,仁恒实业控股
01696,SISRAM MED
01721,FSM HOLDINGS
02312,中国金融租赁
00105,凯联国际酒店
03708,日成控股
03958,东方证券
03998,波司登
02200,浩沙国际
00721,中国金融国际
02299,百宏实业
01301,德基科技控股
01044,恒安国际
02233,西部水泥
00435,阳光房地产基金
00089,大生地产
03966,中国宝丰国际
02309,伯明翰体育
03768,滇池水务
01150,米兰站
02193,万景控股
02286,辰兴发展
03393,威胜控股
02023,中国绿岛科技
08230,中国宇天
01585,雅迪控股
02239,国微技术
00896,兴胜创建
00960,龙湖集团
08269,富誉控股
02178,百勤油服
03633,中裕燃气
00823,领展房产基金
06881,中国银河
00935,龙翔集团
06060,众安在线
01052,越秀交通基建
01635,大众公用
02399,虎都
08235,赛迪顾问
02282,美高梅中国
00954,常茂生物
01628,禹洲地产
02378,保诚
03709,珂莱蒂尔
06833,兴科蓉医药
00109,天成国际
03869,弘和仁爱医疗
02025,瑞丰动力
02208,金风科技
03626,HSSP INTL
03306,江南布衣
02080,奥克斯国际
06288,迅销
01020,赛伯乐国际控股
00098,兴发铝业
01661,智美体育
00113,迪生创建
02139,甘肃银行
06868,天福
00097,恒基发展
02313,申洲国际
06090,胜捷企业
06108,新锐医药
03996,中国能源建设
01009,国际娱乐
02012,阳光油砂
06898,中国铝罐
00838,亿和控股
06863,辉山乳业
03818,中国动向
06068,睿见教育
03918,金界控股
00063,中国烯谷集团
02300,澳科控股
00143,国安国际
00125,新兴光学
00155,中国源畅
04337,星巴克-T
02221,创业集团控股
00114,兴利集团
01230,雅士利国际
00968,信义光能
00851,盛源控股
03799,达利食品
02098,卓尔智联
06133,维太移动
02223,卡撒天娇
00091,标准资源控股
01658,邮储银行
04614,CMB 17USDPREF
00039,中国北大荒
02030,卡宾
02329,国瑞置业
06158,正荣地产
02007,碧桂园
04608,HSBNK 16USDPREF
00911,前海健康
00959,奥玛仕国际
06866,佐力小贷
00922,安贤园中国
00979,绿色能源科技集团
00900,AEON信贷
03893,易纬集团
02232,晶苑国际
04601,BOC 2014 PREF
00119,保利置业集团
00947,摩比发展
02388,中银香港
00122,鳄鱼恤
02100,百奥家庭互动
00267,中信股份
08366,浙江联合投资
02289,创美药业
00086,新鸿基公司
03369,秦港股份
03331,维达国际
00967,桑德国际
03868,群星纸业
06893,衍生集团
02227,守益控股
01076,博华太平洋
03838,中国淀粉
02281,兴泸水务
06083,环宇物流(亚洲)
00095,绿景中国地产
06118,奥星生命科技
06138,哈尔滨银行
00926,碧生源
00104,冠亚商业
00126,佳宁娜
04606,CCB 15USDPREF
00337,绿地香港
00836,华润电力
03639,亿达中国
03355,先进半导体
02314,理文造纸
00919,现代美容
00107,四川成渝高速公路
03839,正大企业国际
00186,敏捷控股
08050,量子思维
03997,电讯首科
00923,综合环保集团
01049,时富投资
06189,爱得威建设集团
00928,莲和医疗
00990,荣晖国际
03382,天津港发展
08025,亚洲资产
06038,信越控股
00196,宏华集团
00115,钧濠集团
06163,彭顺国际
03989,首创环境
06822,科劲国际
01086,好孩子国际
00121,卜蜂莲花
08028,天时软件
06169,宇华教育
00927,富士高实业
00982,华金国际资本
00995,安徽皖通高速公路
08040,DCB控股
06033,电讯数码控股
00932,顺腾国际控股
06889,Dynam
08076,新利软件
02303,恒兴黄金
01002,威铖国际
06865,福莱特玻璃
03669,永达汽车
06808,高鑫零售
06882,东瀛游
03999,大成食品
02328,中国财险
06818,中国光大银行
00799,IGG
00941,中国移动
01064,中华国际
00132,中国兴业控股
00988,丝路物流控股
01039,鑫网易商
00428,中国天弓控股
06826,昊海生物科技
02229,长港敦信
06036,光丽科技
08005,裕兴科技
00903,冠捷科技
08026,朗华国际集团
08047,中国海洋捕捞
01102,环能国际
00145,香港建屋贷款
06823,香港电讯-SS
02324,首都创投
02293,百本医护
06839,云南水务
00162,世纪金花
00161,中航国际控股
08035,骏高控股
06139,金茂酒店-SS
00130,慕诗国际
00691,山水水泥
07200,南方两倍看多恒指
01060,阿里影业
00511,电视广播
00679,亚洲联网科技
00994,恒诚建筑
00986,中国环保能源
06088,鸿腾精密
08027,吉辉控股
06829,龙升集团控股
06161,泰加保险
01001,沪港联合
06128,泛亚国际
00468,纷美包装
01112,H&H国际控股
01165,顺风清洁能源
06080,荣智控股
00984,永旺
08038,金力集团
06100,有才天下猎聘
06899,联众
00087,太古股份公司B
06098,碧桂园服务
06136,康达环保
00987,中国再生能源投资
01417,浦江中国
00167,万威国际
03939,万国国际矿业
02307,锦兴国际控股
06877,昆仑国际金融
08020,宏海控股集团
07231,未来两倍看多恒指
00142,第一太平
02308,研祥智能
08093,万星控股
06878,鼎丰集团控股
04610,CZB 17USDPREF
00127,华人置业
08019,皓文控股
01007,龙辉国际控股
01193,华润燃气
00360,新焦点
00131,卓能(集团)
06113,UTS MARKETING
01200,美联集团
06123,圆通速递国际
04605,BOCOM 15USDPREF
01113,长实集团
01097,有线宽频
00989,广泽国际发展
00185,正恒国际控股
06160,百济神州-B
00141,大中华集团
00628,国美金融科技
01061,亿胜生物科技
02326,新源万恒控股
02317,味丹国际
00120,四海国际
08011,百田石油
00156,力宝华润
06816,瑞港建设
01189,珀丽酒店
08009,华夏能源控股
08041,荟萃国际(控股)
08030,汇联金融服务
07210,XL二易亚中概股
00158,万邦投资
08022,永耀集团控股
01011,泰凌医药
01019,康宏环球
01045,亚太卫星
01089,乐游科技控股
08131,辰罡科技
01058,粤海制革
01021,麦达斯控股-S
00999,I.T
07322,XI未来标普
06183,中国绿宝
08029,太阳国际
06858,本间高尔夫
06836,天韵国际控股
06885,金马能源
01164,中广核矿业
00117,天利控股集团
08077,昆仑国际金融
01010,太睿国际控股
08103,万泰企业(二千)
06830,华众车载
01023,时代集团控股
00556,泛亚环保
07328,三星一倍看空国指
00992,联想集团
08088,汇友生命科学
00833,华讯
08056,饮食概念
02283,东江集团控股
08070,侨洋国际控股
01221,信和酒店
07388,南方一倍看空国指
07302,FI易方达恒指
00181,闽港控股
01118,高力集团
00164,中国宝力科技-新
01005,美力时集团
01033,中石化油服
01008,贵联控股
00129,泛海集团
08033,爱达利网络
01121,宝峰时尚
01558,东阳光药
00163,英皇国际
00159,布莱克万矿业
08008,新意网集团(旧)
08021,汇隆控股
01400,宏太控股
00174,盛洋投资
00608,达利国际
00581,中国东方集团
01251,华油能源
02322,仁瑞投资
06880,腾邦控股
08012,环宇物流(亚洲)
00449,志高控股
00067,旭光高新材料
04338,微软-T
08080,北亚策略
01220,志道国际
08007,环球战略集团
01051,国际资源
00123,越秀地产
08045,南大苏富特
08087,中国三三传媒
08075,寰亚传媒
01466,钱唐控股
00139,中国软实力
08095,北大青鸟环宇
08081,互娱中国
07205,三星两倍看多恒指
08101,壹家壹品
00182,协合新能源
01555,MI能源
01522,京投交通科技
01048,煜新控股
08032,非凡中国
01079,松景科技
00998,中信银行
08065,高萌科技
08043,ATLINKS
08052,陆庆娱乐
08018,汇财金融投资
01313,华润水泥控股
00934,中石化冠德
08078,HMV数码中国
00193,冠中地产
01000,北青传媒
00172,金榜集团
08051,讯智海
00554,汉思能源
07288,南方两倍看多国指
08069,纵横游控股
00148,建滔集团
08125,仁德资源
08037,中国生物科技服务
08161,医汇集团
08102,利宝阁集团
08089,华人策略控股
01223,新沣集团
07267,华夏Direxion两倍看多国指
08100,智易控股
08090,中国融保金融集团
01478,丘钛科技
08085,香港生命科学
08108,福泽集团
08046,恒芯中国
00124,粤海置地
00384,中国燃气
08137,洪桥集团
08055,中国网络信息科技
08107,威诚国际控股
01028,千百度
08016,长虹佳华
00118,大同机械
01579,颐海国际
01528,红星美凯龙
08039,中国卓银
01570,伟业控股
08031,易通讯集团
02323,中国港桥
08048,御德国际控股
08175,中国数码文化
08191,鸿伟亚洲
08003,世大控股
08109,麒麟集团控股-新
00173,嘉华国际
08013,ECI TECH
08158,中国再生医学
01013,伟俊集团控股
08201,宝联控股
08083,中国有赞
00997,普汇中金国际
07336,未来一倍看空恒指
01235,专业旅运
01047,毅兴行
00160,汉国置业
01031,金利丰金融
00178,莎莎国际
08128,中国地热能
08072,罗马集团
01292,长安民生物流
00238,长兴国际
08176,超人智能
00211,大凌集团
07230,未来两倍看多国指
00146,太平地毡
08006,华泰瑞银
07341,华夏Direxion一倍看空国指
01036,万科置业海外
00197,亨泰
01282,中国金洋
01199,中远海运港口
08063,环球大通集团
07221,华夏Direxion两倍看多恒指
01057,浙江世宝
00147,国际商业结算
08160,GOLDWAY EDU
08060,国联通信
01050,嘉利国际
01059,看通集团
01194,麦盛资本
01239,TEAMWAY INTL GP
08163,万德金融
08062,俊盟国际
01103,大生农业金融
01232,金轮天地控股
08105,皇
08057,麦迪森控股
08212,誉满国际控股
08150,无缝绿色
08066,品创控股
08091,奥传思维控股
02811,海通沪深三百
07300,南方一倍看空恒指
08165,华普智通
08071,中彩网通控股
01468,英裘控股
00189,东岳集团
01004,中国智慧能源
08023,邝文记
01030,新城发展控股
08106,升华兰德
00834,康大食品
01043,光宇国际集团科技
08098,昌利控股
00183,宏辉集团
01120,雅视光学
01216,中原银行
00177,江苏宁沪高速公路
08120,国农金融投资
01259,中国儿童护理
07228,三星两倍看多国指
00149,中国农产品交易
00853,微创医疗
08197,北斗嘉药业
00952,中国通海金融
08179,新煮意控股
00168,青岛啤酒股份
01037,云智汇科技
01492,中地乳业
07362,未来一倍看空国指
01280,汇银智慧社区
00166,新时代能源
01606,国银租赁
08126,G.A.控股
08205,交大慧谷
01041,林达控股
01365,润东汽车
08143,华夏医疗
08133,铸能控股
01212,利福国际
01206,同方泰德
01632,膳源控股
08132,中油港燃
08152,明梁控股
01046,寰宇国际金融
08228,国艺娱乐
01589,中国物流资产
03678,弘业期货
08092,ITE HOLDINGS
08127,云裳衣
00906,中粮包装
08116,中国幸福投资
03698,徽商银行
08219,恒伟集团控股
07321,华夏Direxion一倍看空恒指
08121,超凡网络
08138,同仁堂国药
01080,胜利管道
08167,中国新电信
08096,瑞丰石化
08148,奥柏中国
08218,毅高国际控股
08146,怡园酒业
08082,仁智国际集团
01556,建业建荣
01476,恒投证券
08170,KSL
08156,众彩股份
08123,华亿金控
08192,环球能源资源
01075,首都信息
00199,德祥地产
08145,电讯首科
01317,枫叶教育
00224,建生国际
00184,激成投资
08202,汇创控股
00111,信达国际控股
00225,博富临置业
00195,绿科科技国际
01586,中国力鸿
08061,光亚
01073,浩伦农科
00232,中国航空工业国际
08149,浩德控股
03688,莱蒙国际
01475,日清食品
00219,顺豪物业
01910,新秀丽
08117,中国基础能源
08241,英记茶庄集团
01038,长江基建集团
08232,CLASSIFIED GP
08147,汇思太平洋
01929,周大福
01026,环球实业科技
08073,兴业新材料
01333,中国忠旺
08139,长安仁恒
03882,天彩控股
08173,万亚企业控股
00207,大悦城地产
03903,瀚华金控
08268,迪臣建设
00179,德昌电机控股
01107,当代置业
08229,FUTURE DATA
00547,数字王国
08166,中国农业生态
01836,九兴控股
08159,辉煌科技
08181,恒生控股有限公司
01098,路劲
01773,天立教育
08221,PF GROUP
03332,中生联合
01062,国开国际投资
08118,濠亮环球
03888,金山软件
08151,宝申控股
01486,思城控股
01123,中港照相
08203,凯顺控股
08227,海天天线控股
01858,春立医疗
08157,象兴国际
02668,百德国际
08155,南华资产控股
02086,海航科技投资
01231,新矿资源
08207,中新控股
03848,富道集团
08190,康佰控股
02186,绿叶制药
00450,鸿兴印刷集团
01617,南方通信
00723,永保林业
08223,紫元元
00699,神州租车
00726,中民筑友智造科技
01733,易大宗
08196,建禹集团
01729,汇聚科技
02779,中国新华教育
08171,中国趋势
00194,廖创兴企业
08140,人和科技
03623,中国金融发展
01091,中信大锰
08217,联旺集团
00692,中国家居
03600,现代牙科
08187,积木集团
08276,新海连控股
00214,汇汉控股
00767,亚太丝路投资
01266,西王特钢
01705,宾仕国际
02868,首创置业
08270,中国煤层气
08249,瑞远智控
08129,云信投资控股
01722,建鹏控股
08258,西北实业
00768,开明投资
08130,智城控股
01599,城建设计
08136,英马斯集团
08188,骏杰集团控股
01083,港华燃气
08142,德利机械
02633,雅各臣科研制药
02722,重庆机电
00746,理文化工
01357,美图公司
03828,明辉国际
08119,即时科研
01711,欧化
00519,实力建业
08415,乐嘉思控股
01800,中国交通建设
00497,资本策略地产
01679,瑞斯康集团
08231,节能元件
01359,中国信达
02666,环球医疗
08406,合宝丰年
08279,亚博科技控股
08177,REF Holdings
01185,中国航天万源
03339,中国龙工
08349,美固科技控股
00517,中远海运国际
08193,汉华专业服务
01715,米技国际控股
01142,西伯利亚矿业
01082,香港教育国际
01104,亚太资源
00430,东方网库
00486,俄铝
01693,璋利国际
02738,华津国际控股
01211,比亚迪股份
08206,神通机器人教育
08198,乐透互娱
00475,中发展控股
00439,光启科学
02708,艾伯科技
02468,创益太阳能
00505,欢悦互娱
08246,北方新能源
08272,华人饮食集团
00695,东吴水泥
01592,基石控股
02638,港灯-SS
00745,中国国家文化产业
00200,新濠国际发展
01133,哈尔滨电气
02689,玖龙纸业
01695,椰丰集团
08277,骏东控股
08240,展程控股
00206,TSC集团
01789,爱康医疗
08112,基石金融
08111,中科光电
02389,北控医疗健康
02669,中海物业
00269,中国资源交通
08460,基地锦标集团
08169,环康集团
00528,金达控股
01702,东光化工
01760,英恒科技
01109,华润置地
00500,先丰服务集团
00037,远东酒店实业
08487,ISP GLOBAL
08257,靖洋集团
08260,银合控股
00761,百营环球资源
01720,普天通信集团
01763,中国同辐
00736,中国置业投资
08423,CHI HO DEV
08450,钜京控股
01848,中国飞机租赁
01125,丽丰控股
01808,企展控股
02601,中国太保
01838,中国地产
08189,泰达生物
08183,尚捷集团控股
00530,高银金融
00725,恒都集团
08122,德莱建业
08162,港银控股
06828,北京燃气蓝天
08141,应力控股
08236,宝德科技集团
00710,京东方精电
00518,同得仕(集团)
00235,中策集团
01719,中国通商集团
01818,招金矿业
00548,深圳高速公路股份
08215,第一信用
01132,橙天嘉禾
02683,华新手袋国际控股
01799,新特能源
02183,三盛控股
08291,万成金属包装
02698,魏桥纺织
02828,恒生中国企业
00713,世界(集团)
00217,中国诚通发展集团
01106,中国海景
00204,中国投资开发
00165,中国光大控股
00027,银河娱乐
08210,衍汇亚洲
01105,星岛
08225,中国医疗集团
01090,大明国际
01068,雨润食品
08475,千盛集团控股
01663,汉港控股
08273,浙江展望
08313,杰地集团
01739,齐屹科技
00575,励晶太平洋
01771,新丰泰集团
02801,安硕中国ETF
08275,永勤集团控股
01798,大唐新能源
01127,狮子山集团
01708,三宝科技
02728,裕华能源
01716,毛记葵涌
08222,壹照明
01135,亚洲卫星
01806,汇付天下
01240,青建国际
08442,桦欣控股
08340,域高金融
01717,澳优
01126,德林国际
08220,比高集团
02789,远大中国
08261,海天能源
00061,绿领控股
00760,新天地产集团
03344,共享集团
01686,新意网集团
00236,香港生力啤
00765,威发国际
01651,津上机床中国
08182,中国糖果
00370,国华
03737,中智药业
08135,正美丰业
01269,首控集团
01730,LHN
01757,俊裕地基
02777,富力地产
02824,力宝专选中港地产
08425,兴铭控股
08316,柏荣集团控股
00240,利基控股
00756,森美控股
00241,阿里健康
01815,金猫银猫
02039,中集集团
08422,WT集团
00616,高山企业
02383,TOM集团
01900,中国智能交通
00693,陈唱国际
08327,泰邦集团
08237,华星控股
00538,味千(中国)
08186,同仁资源
08451,日光控股
00210,达芙妮国际
08297,芭迪贝伊
00515,达进东方照明
02778,冠君产业信托
08283,正力控股
01066,威高股份
08446,ITP HOLDINGS
08480,飞霓控股
00727,皇冠环球集团
01124,沿海家园
08233,中国基建港口
01149,中国安芯
00216,建业实业
02805,领航亚洲
08213,新智控股
01151,依利安达
08245,安悦国际控股
01609,创建集团控股
01707,致浩达控股
01816,中广核电力
00690,联康生物科技集团
00471,中播控股
01649,内蒙古能建
08200,修身堂
08547,PACIFIC LEGEND
02121,一化控股
01140,东英金融
08216,百本医护
02768,佳源国际控股
02788,精熙国际
08243,大贺传媒
00247,尖沙咀置业
08211,浙江永安
08178,中国信息科技
03337,安东油田服务
01281,隆基泰和智慧能源
08462,桥英控股
01788,国泰君安国际
01863,中国龙天集团
00700,腾讯控股
01697,山东国信
00212,南洋集团
03699,光大永年
00539,冠华国际控股
02016,浙商银行
01738,飞尚无烟煤
00738,莱尔斯丹
00495,百利大
01100,飞达控股
01803,北京体育文化
01766,中国中车
08308,古兜控股
08251,优越集团控股
01110,金活医药集团
02800,盈富基金
08392,舍图控股
08501,庄皇集团公司
02699,新明中国
01752,澳洲成峰高教
00253,顺豪控股
08265,中国之信集团
00776,帝国集团环球控股
03968,招商银行
00003,香港中华煤气
08493,龙皇集团
08266,卓信国际控股
02906,中国华仁医疗-旧
02700,格林国际控股
00489,东风集团股份
01138,中远海能
02827,标智沪深300
00222,闽信集团
00290,中国富强金融
08280,中国数字视频
00233,铭源医疗
08472,立高控股
08337,直通电讯
01728,正通汽车
03395,PERSTA
08290,亚势备份
02128,中国联塑
00188,新华汇富金融
08483,名仕快相
01611,桐成控股
08293,星亚控股
00079,世纪建业
02607,上海医药
08485,竣球控股
08343,宏光照明
02377,博奇环保
01115,西藏水资源
00775,长江生命科技
02382,舜宇光学科技
00112,勒泰商业地产
08333,阿仕特朗金融
08285,森浩集团
06030,中信证券
08250,丝路能源
00573,稻香控股
00252,华信地产财务
01131,鸿宝资源
01071,华电国际电力股份
08455,礼建德集团
00136,恒腾网络
08239,首都金融控股
08352,成安控股
08287,ZIONCOM
02600,中国铝业
02803,PP中国基石经济
01288,农业银行
00137,金辉集团
08341,艾硕控股
01128,永利澳门
02068,中铝国际
08329,海王英特龙
00730,首长四方
00251,爪哇控股
02018,瑞声科技
08320,沛然环保
00531,顺诚
08471,新达控股
02262,梁志天设计集团
08527,聚利宝控股
08301,明华科技
01672,歌礼制药-B
00190,香港建设(控股)
00024,宝威控股
03889,大成糖业
08506,福纺控股
00759,CEC国际
01742,HPC HOLDINGS
00598,中国外运
08317,财华社集团
02926,奥立仕(万二)
00535,金地商置
03309,希玛眼科
00205,财讯传媒
01777,花样年控股
08247,中生北控生物科技
03329,交银国际
00208,保利达资产
00794,锦胜集团(控股)
02009,金隅集团
08267,蓝港互动
03377,远洋集团
01829,中国机械工程
08238,惠陶集团
02823,安硕A50
01778,彩生活
01130,中国环境资源
01812,晨鸣纸业
01751,成安控股
02269,药明生物
00351,亚洲能源物流
01883,中信国际电讯
03738,阜博集团
02222,雷士照明
01398,工商银行
02277,华融投资股份
00393,旭日企业
03666,国际天食
00279,民众金融科技
08509,威扬酒业控股
01735,泓盈控股
08325,中国支付通
00135,昆仑能源
03608,永盛新材料
08346,创新电子控股
06099,招商证券
08310,大丰港
00242,信德集团
01683,皇中国际
00800,A8新媒体
01187,汉唐国际控股
08355,超智能控股
00493,国美零售
03086,BMO纳斯达克
08309,万成环球控股
00582,蓝鼎国际
08535,荧德控股
00201,华大酒店
00262,迪臣发展国际
06122,九台农商银行
00777,网龙
08305,棠记控股
03366,华侨城(亚洲)
02448,恒宇集团
01170,信星集团
06837,海通证券
00239,白花油
09186,中金金瑞中网-U
00358,江西铜业股份
01750,全达电器集团控股
00072,现代传播
01682,华隆金控
06896,金嗓子
00226,力宝
01811,中广核新能源
08331,恒勤集团
00854,威雅利
82823,安硕A50-R
01700,华地国际控股
08412,高门集团
08271,环球数码创意
02020,安踏体育
08278,CMON
02840,SPDR金ETF
08347,F8企业
08512,凯富善集团控股
08300,皇玺餐饮集团
02182,天长集团
00016,新鸿基地产
02878,晶门科技
02799,中国华融
02802,安硕亚洲新兴
00191,丽新国际
08296,中国生命集团
00610,惠记集团
02320,合丰集团
01962,训修实业
02866,中远海发
01166,星凯控股
02662,承兴国际控股
08311,圆美光电
01862,景瑞控股
02912,御药堂(旧)
08511,ZC TECH GP
03618,重庆农村商业银行
01819,富贵鸟
08351,俊文宝石
00254,国家联合资源
06168,中国优通
02255,海昌海洋公园
03081,价值黄金
08361,中国育儿网络
00244,先施
01698,博士蛙国际
00593,梦东方
01822,弘达金融控股
03993,洛阳钼业
00737,合和公路基建
08405,恒智控股
02188,泰坦能源技术
01116,美亚控股
02330,中国上城
00202,润中国际控股
00374,四洲集团
02008,凤凰卫视
00753,中国国航
01758,博骏教育
00221,易易壹金融
08262,宏强控股
02822,南方A50
08368,中国创意控股
01783,金仑控股有限公司
08401,源想集团
00020,会德丰
02952,蓝鼎国际(旧)
08282,智傲控股
00762,中国联通
08513,迎宏控股
02333,长城汽车
08295,中植资本国际
01725,恒达科技控股
00371,北控水务集团
00014,希慎兴业
01749,杉杉品牌
00036,远东控股国际
00939,建设银行
08519,JIA GROUP
00766,中盈集团控股
02051,51信用卡
00008,电讯盈科
00540,迅捷环球控股
00752,笔克远东
03333,中国恒大
08312,中国瀚亚
01174,太平洋恩利
00763,中兴通讯
00560,珠江船务
08523,常满控股
01182,胜龙国际
06166,中国宏泰发展
00377,华君国际集团
00303,伟易达
01178,汇银控股集团
02877,神威药业
00397,权威金融
01575,慕容控股
01899,兴达国际
00209,瀛晟科学
08348,滨海泰达物流
01148,新晨动力
08315,冠辉集团控股
01813,合景泰富集团
00234,新世纪集团
00403,星光集团
00231,平安证券集团-新
08326,同景新能源
01776,广发证券
08365,建泉国际控股
01743,苍南仪表
84602,ICBC CNHPREF1-R
01337,雷蛇
00083,信和置业
00404,新昌集团控股
00588,北京北辰实业股份
82833,恒指ETF-R
02213,益华控股
00857,中国石油股份
01168,百仕达控股
08252,泰和小贷
00627,福晟国际
00388,香港交易所
00042,东北电气
00604,深圳控股
00243,品质国际
00778,置富产业信托
01638,佳兆业集团
02318,中国平安
01160,大唐投资国际
08522,德益控股
00227,第一上海
01152,正乾金融控股
01932,中漆集团
02832,博时FA50
02338,潍柴动力
01993,雅仕维
00585,意马国际
08255,神州数字
08359,HYPEBEAST
00574,百信国际
00015,盈信控股
08336,电讯数码控股
08286,长城微光
00009,九号运通
08490,骏码科技
01810,小米集团-W
06888,英达公路再生科技
00807,上海实业环境
00810,中国互联网投资
00811,新华文轩
01136,台泥国际集团
08409,海鑫集团
08299,大唐潼金
00536,贸易通
02348,东瑞制药(新)
00506,中国食品
02930,十三集团(旧)
01765,希望教育
08540,胜利证券
00559,德泰新能源集团
08358,卓珈控股
01173,威高国际
01139,华多利集团
00004,九龙仓集团
00313,裕田中国
02611,国泰君安
01065,天津创业环保股份
00846,明发集团
02882,香港资源控股
00757,阳光能源
02949,新鸿基地产一千
08281,中国金典集团
08353,安科系统
01826,达飞控股
01737,亚洲实业集团
02883,中海油田服务
00612,中国投资基金公司
00220,统一企业中国
02838,恒生富时中国50
01775,精英汇集团
00300,昆明机床
09081,价值黄金-U
02623,爱德新能源
00711,亚洲联合基建控股
00670,中国东方航空股份
00839,中教控股
08350,骏溢环球金融
01175,鲜驰达控股
01918,融创中国
02858,易鑫集团
01161,奥思集团
01146,中国服饰控股
02398,友佳国际
00047,合兴集团
02902,威华达控股(旧)
01933,元力控股
08367,倩碧控股
08385,万里印刷
83081,价值黄金-R
00787,利标品牌
08318,正利控股
08545,佰悦集团
08307,密迪斯肌
00245,中国民生金融
08379,汇安智能
82834,安硕纳指一百-R
08319,思博系统
08342,飞思达科技
08199,中国万桐园
02238,广汽集团
03988,中国银行
00260,幸福控股
03700,映客
00331,丰盛服务集团
00587,华瀚健康
08606,冠控股
02588,中银航空租赁
03060,价值台湾ETF
82822,南方A50-R
00552,中国通信服务
00570,中国中药
00784,凌锐控股
08413,亚洲杂货
00529,新龙国际
08407,兴证国际
01137,香港电视
01681,康臣药业
00603,中油燃气
08357,REPUBLIC HC
03313,雅高控股
00600,中国基建投资
00386,中国石油化工股份
03808,中国重汽
08417,大地教育
00010,恒隆集团
02288,宏基资本
08376,方圆房服集团
00789,领视控股
00522,ASM太平洋
08292,盛良物流
02863,高丰集团控股
00558,力劲科技
08427,瑞强集团
01868,同方友友
01916,江西银行
01159,星光文化
00751,创维数码
00825,新世界百货中国
00023,东亚银行
00589,宝国国际
08079,易还财务投资
00237,安全货仓
01184,时捷集团
83095,价值中国A股-R
80737,合和公路基建-R
08495,1957 & CO.
02218,安德利果汁
02869,绿城服务
00822,嘉瑞国际
00465,富通科技
02327,美瑞健康国际
02833,恒指ETF
01889,三爱健康集团
00564,郑煤机
08328,信义香港
82846,安硕沪深三百-R
08383,东骏控股
00223,易生活控股
00820,汇丰中国翔龙基金
02889,镍资源国际
02834,安硕纳指一百
02202,万科企业
00797,第七大道
02686,亚美能源
01823,华昱高速
08521,智纺国际控股
01141,民银资本
00248,香港通讯国际控股
08371,尝高美集团
02340,升捷控股
00425,敏实集团
03866,青岛银行
08321,泰锦控股
00626,大众金融控股
00861,神州控股
08373,靛蓝星
08420,NEXION TECH
08436,德宝集团控股
01055,中国南方航空股份
00322,康师傅控股
08356,中国新华电视
00826,天工国际
08502,远航港口
00576,浙江沪杭甬
06838,盈利时
08429,冰雪集团
01029,铁货
00542,富元国际集团
00326,中国星集团
01270,朗廷-SS
00533,金利来集团
00566,汉能薄膜发电
03833,新疆新鑫矿业
00259,亿都(国际控股)
00246,瑞金矿业
01263,柏能集团
00557,天元医疗
08306,中国有色金属
00592,堡狮龙
00257,中国光大国际
08448,环球印馆
00455,天大药业
00277,太兴置业
01177,中国生物制药
00801,金卫医疗
02006,锦江酒店
08419,AV策划推广
02005,石四药集团
00832,建业地产
08431,浩柏国际
03128,恒生A股龙头
03933,联邦制药
03127,未来沪深三百
08416,HM INTL HLDGS
00144,招商局港口
08491,COOL LINK
08372,君百延集团
00524,长城一带一路
00280,景福集团
00568,山东墨龙
08445,怡康泰工程集团
08256,金利通
01884,EPRINT集团
08452,富银融资股份
08432,太平洋酒吧
01111,创兴银行
01746,万顺集团控股
83137,南方中华80-R
00543,太平洋网络
08532,宝发控股
03800,保利协鑫能源
00022,茂盛控股
01192,泰山石化
01238,宝龙地产
01172,融太集团
00565,锦艺集团控股
00271,亚证地产
02118,天山发展控股
08391,精雅印刷集团
01908,建发国际集团
00818,高阳科技
00266,天德地产
00100,白马户外媒体
02331,李宁
08402,GT STEEL GROUP
01538,中奥到家
01786,铁建装备
01233,时代中国控股
00841,木薯资源
83140,领航标普五百-R
00264,中玺国际
02836,安硕印度
08469,盛业资本
00521,CWT INT’L
00802,中国钱包
08456,民信国际控股
06196,郑州银行
00831,利亚零售
00689,长盈集团(控股)
08362,运兴泰集团
08428,国茂控股
02111,超盈国际控股
83074,安硕MS台湾-R
02268,优源控股
01882,海天国际
01190,航标控股
01361,361度
01195,京维集团
00048,中国汽车内饰
01709,云裳衣
03396,联想控股
00459,美联工商铺
06066,中信建投证券
00255,龙记集团
00289,永安百货
00827,玖源集团
01878,南戈壁-S
00011,恒生银行
08410,安领国际
00445,中集天达
08437,德斯控股
01143,华夏健康产业
01966,中骏集团控股
08463,TOMO HOLDINGS
02880,大连港
08375,弘浩国际控股
00484,云游控股
08476,大洋环球控股
03169,领航中国
01856,依波路
08447,MS CONCEPT
00808,泓富产业信托
00108,国锐地产
00080,中国新经济投资
00828,王朝酒业
01181,唐宫中国
00263,高富集团控股
03789,御佳控股
08481,盛龙锦秀国际
08421,永顺控股香港
03177,COMS德高息股
03155,安硕ES50
08430,春能控股
02954,枫叶教育(旧)
01718,宏基集团控股
01188,正道集团
08403,天平道合
00771,自动系统
03378,厦门港务
00021,大中华地产控股
00390,中国中铁
01985,美高域
01229,南南资源
01619,天合化工
00153,中国赛特
00496,卡森国际
00873,中国泰丰床品
01169,海尔电器
00306,冠忠巴士集团
82828,恒生中国企业-R
02310,申基国际
02899,紫金矿业
00323,马鞍山钢铁股份
00138,中建富通
08507,爱世纪集团
00724,瑞鑫国际集团
00655,香港华人有限公司
08473,弥明生活百货
08411,K W NELSON GP
01218,永义国际
03070,平安香港高息股
00230,五矿地产
00728,中国电信
00335,美建集团
82847,安硕富时一百-R
01988,民生银行
01249,通力电子
00328,爱高集团
08536,TL NATURAL GAS
01271,佳明集团控股
00298,庄士中国
08526,荣丰集团亚洲
01236,国农控股
00018,东方报业集团
01163,德金资源
01866,中国心连心化肥
01898,中煤能源
00270,粤海投资
00281,川河集团
03010,安硕亚洲除日
83147,南方中创业板-R
00250,中国数码信息
01458,周黑鸭
00635,彩星集团
09846,安硕沪深三百-U
00364,区块链集团
00622,威华达控股
01226,中国投融资
00845,恒盛地产
06116,拉夏贝尔
00287,永发置业
00029,达力集团
08457,健升物流中国
82836,安硕印度-R
08400,亚洲先锋娱乐
01224,中渝置地
00467,联合能源集团
06119,天源集团
08370,智升集团控股
00218,申万宏源
02727,上海电气
00007,香港金融集团
03816,KFM金德
00116,周生生
00682,超大现代
08377,申酉控股
00842,理士国际
00256,冠城钟表珠宝
00520,呷哺呷哺
00703,佳景集团
00283,高银地产
00012,恒基地产
00085,中电华大科技
00310,嘉进投资国际
01989,松龄护老集团
00546,阜丰集团
01919,中远海控
00169,万达酒店发展
00858,精优药业
00469,凯普松国际
01180,汇彩控股
00850,投融长富
01053,重庆钢铁股份
00359,海升果汁
03046,价值中国ETF
00180,开达集团
01215,开源控股
00295,江山控股
06190,九江银行
83168,恒生人币金ETF
01228,奇峰国际
01217,中国创新投资
00268,金蝶国际
01225,隆成金融
00512,远大医药
00336,华宝国际
01196,伟禄集团
01828,大昌行集团
00005,汇丰控股
83199,南方五年国债-R
01260,皓天财经集团
00656,复星国际
03963,融众金融
01219,天喔国际
00750,兴业太阳能
00875,中国金控
08426,雅居投资控股
03969,中国通号
01237,中科生物
00286,同佳健康
00590,六福集团
00755,上海证大
00651,中海重工
00275,凯华集团
00638,建溢集团
00327,百富环球
00569,中国自动化
00770,沪光国际
03040,未来MSCI中国
00128,安宁控股
01255,港大零售
00293,国泰航空
00296,英皇娱乐酒店
02988,泰山石化(旧)
00451,协鑫新能源
00804,鼎石资本
01277,力量能源
00844,广泰国际控股
00309,新华通讯频媒
00276,蒙古能源
00312,岁宝百货
08369,立基工程控股
01222,宏安集团
00567,大昌微线集团
03149,南方MSCI
01272,大唐环境
01336,新华保险
01213,万保刚集团
00432,盈大地产
01191,中国中石控股
00316,东方海外国际
00617,百利保控股
83188,华夏沪深三百-R
02982,中国公共采购 旧
01250,北控清洁能源集团
01202,成都普天电缆股份
01368,特步国际
00272,瑞安房地产
00294,长江制衣
01197,中国恒石
00532,王氏港建
01296,国电科环
00154,北京控股环境集团
01321,中国新城市
00657,环科国际
01980,天鸽互动
00032,港通控股
01207,上置集团
00648,中国华仁医疗-新
01234,中国利郎
00320,金宝通
00187,京城机电股份
00716,胜狮货柜
00278,华厦置业
00621,坛金矿业
00273,茂宸集团
00675,坚宝国际
00308,香港中旅
01243,宏安地产
00580,赛晶电力电子
83128,恒生A股龙头-R
02196,复星医药
83149,南方MSCI-R
03383,雅居乐集团
03380,龙光地产
03147,南方中创业板
06178,光大证券
01885,中国优材
00607,丰盛控股
01938,珠江钢管
01247,米格国际控股
00152,深圳国际
01881,富豪产业信托
03360,远东宏信
00094,绿心集团
00171,银建国际
00456,新城市建设发展
00618,北大资源
00334,华显光电
00133,招商局中国基金
01366,江南集团
00631,三一国际
01347,华虹半导体
01970,IMAX 中国
03146,安硕DAX
01293,广汇宝信
01262,蜡笔小新食品
00025,其士国际
01314,翠华控股
00031,航天控股
00353,能源国际投资
00829,神冠控股
00030,万隆控股集团
01830,必瘦站
01319,霭华押业信贷
01290,中国汇融
00572,未来世界金融
01268,美东汽车
01302,先健科技
00198,星美控股
00292,泛海酒店
87001,汇贤产业信托
00722,联合医务
06182,乙德投资控股
00291,华润啤酒
00229,利民实业
01275,开元产业信托
01972,太古地产
01316,耐世特
00731,森信纸业集团
00026,中华汽车
01373,国际家居零售
01322,创达科技控股
08168,宝积资本
01208,五矿资源
00579,京能清洁能源
00595,先思行
00261,中建置地
00814,北京京客隆
01315,允升国际
00563,上实城市开发
01297,中国擎天软件
00006,电能实业
02003,维信金科
01227,国盛投资
01246,保集健康
00330,思捷环球
01298,天美(控股)
00877,昂纳科技集团
01363,中滔环保
01273,香港信贷
00346,延长石油国际
00366,陆氏集团(越南)
03084,价值日本ETF
00288,万洲国际
00357,瑞港集团
00551,裕元集团
02236,惠生工程
00017,新世界发展
01381,粤丰环保
01278,中国新城镇
00052,大快活
00494,利丰
00265,东胜旅游
01252,中国天瑞水泥
00299,新体育
00601,稀镁科技
01372,比速科技
00258,汤臣集团
08363,爵士芭蕾舞学院
01963,重庆银行
00321,德永佳集团
01326,传递娱乐
00019,太古股份公司A
03137,南方中华80
00571,丰德丽控股
00510,时富金融服务集团
00151,中国旺旺
01383,太阳城集团
00332,元亨燃气
03883,中国奥园
00613,渝港国际
00555,御泰中彩控股
01300,俊知集团
01327,时间由你
00876,佳兆业健康
02898,龙润茶
01308,海丰国际
00602,佳华百货控股
00863,品牌中国
01310,香港宽频
00274,中富资源
00599,怡邦行控股
00002,中电控股
00835,亚洲煤业
01303,汇力资源
01958,北京汽车
01328,精英国际
01329,首创钜大
02960,香港资源控股-旧
00698,通达集团
00329,东建国际
01201,天臣控股
01289,盛力达科技
00640,星谦发展
00591,中国高精密
00307,优派能源发展
00866,中国秦发
00860,力世纪
01378,中国宏桥
00636,嘉里物流
01986,彩客化学
00103,首长宝佳
00544,大同集团
01245,NIRAKU
00369,永泰地产
00434,博雅互动
02319,蒙牛乳业
04603,ICBC USDPREF1
08470,莹岚集团
00605,中国金融投资管理
00282,壹传媒
00436,新宇环保
00069,香格里拉(亚洲)
00392,北京控股
01380,中国金石
01323,友川股份
03170,安硕韩国二百
02973,新奥能源(一千)
01618,中国中冶
00487,实德环球
03041,价值韩国ETF
00921,海信科龙
00157,自然美
00317,中船防务
00054,合和实业
01339,中国人民保险集团
00333,黛丽斯国际
01360,MEGAEXPO HLDG
00864,永利地产发展
01312,同方康泰
00550,KK文化
00305,五菱汽车
00354,中国软件国际
01968,兴纺控股
00361,顺龙控股
00175,吉利汽车
01982,南旋控股
01330,绿色动力环保
08001,东方汇财证券
00609,天德化工
00341,大家乐集团
00868,信义玻璃
01508,中国再保险
01338,霸王集团
00339,核心经济投资
02028,映美控股
01353,诺奇
02078,荣阳实业
00385,建联集团
02280,慧聪集团
03118,嘉实明晟A股
01341,昊天国际建投
00707,亚洲电视控股
01087,威讯控股
00669,创科实业
00362,中国天化工
00694,北京首都机场股份
03300,中国玻璃
00886,银基集团
01886,汇源果汁
00058,新威国际
00342,新海能源
00059,天誉置业
00629,悦达矿业
01999,敏华控股
00661,中国大冶有色金属
00697,首长国际
08525,百应租赁
00408,叶氏化工集团
00315,数码通电讯
02010,瑞年国际
00701,北海集团
08049,吉林长龙药业
02002,阳光纸业
00352,富阳
01979,天宝集团
00880,澳博控股
00387,力丰(集团)
00871,中国疏浚环保
01198,皇朝家私
00311,联泰控股
01299,友邦保险
03900,绿城中国
03167,工银南方中国
00375,YGM贸易
00041,鹰君
03160,BMO日股对冲
03095,价值中国A股
00859,中昌国际控股
03115,安硕恒生指数
01547,IBI GROUP HLDGS
00637,利记
03085,领航亚洲高息
01370,奥威控股
03175,F三星原油期
06886,华泰证券
00213,乐声电子
00096,友成控股
01349,复旦张江
00527,瑞风新能源
01367,广州基金国际控股
00862,远见控股
00076,南海石油
03335,DBA电讯
01345,中国先锋医药
01318,格菱控股
00365,紫光控股
01913,普拉达
01527,天洁环境
00228,中能控股
00376,云锋金融
00101,恒隆地产
00865,建德国际控股
00882,天津发展
01426,春泉产业信托
01459,巨匠建设
00596,浪潮国际
01888,建滔积层板
00643,恒富控股
00813,世茂房地产
00082,第一视频
00345,维他奶国际
01348,甏锔豢毓
00343,文化传信
00338,上海石油化工股份
00355,世纪城市国际
00884,旭辉控股集团
00647,JOYCE BOUTIQUE
00619,南华金融
00633,中国全通
00081,中国海外宏洋集团
03197,华夏A国际通
01305,伟志控股
01439,移动互联(中国)
06860,指尖悦动
01461,鲁证期货
01386,国投集团控股
00645,安域亚洲
00925,北京建设
00686,熊猫绿能
01332,中国透云
01418,盛诺集团
00672,众安房产
04613,ZZBNK 17USDPREF
01340,惠生国际
01428,耀才证券金融
01205,中信资源
00373,联合集团
00578,融信资源
00046,科联系统
01387,人和商业
01498,培力控股
02628,中国人寿
00684,亚伦国际
01389,美捷汇控股
08067,东方大学城控股
01990,兴华港口
00050,香港小轮(集团)
01335,顺泰控股
00367,庄士机构国际
03326,保发集团
03311,中国建筑国际
00887,英皇钟表珠宝
00950,李氏大药厂
00993,华融金控
00630,隽泰控股
03171,COMS德股
01415,高伟电子
01362,新龙移动
00712,卡姆丹克太阳能
00803,昌兴国际
01027,中国集成控股
01451,万成集团股份
00809,大成生化科技
00075,渝太地产
00708,恒大健康
00665,海通国际
00285,比亚迪电子
01393,恒鼎实业
03399,粤运交通
00043,卜蜂国际
02000,晨讯科技
00340,潼关黄金
01447,新福港
00381,侨雄国际
01371,华彩控股
01399,飞毛腿
01186,中国铁建
02038,富智康集团
00583,长城环亚控股
03315,金邦达宝嘉
07331,华夏Direxion一倍看空纳指
00090,琥珀能源
00715,中泛控股
00966,中国太平
00356,鼎立资本
00078,富豪酒店
00639,首钢资源
00623,中视金桥
00416,锦州银行
03948,伊泰煤炭
00676,创信国际
00650,IDG能源投资
00035,远东发展
01469,结好金融
01515,华润凤凰医疗
00399,领航医药生物科技
01460,扬科集团
00055,中星集团控股
03186,中金金瑞中网
00215,和记电讯香港
00070,金粤控股
00681,中民控股
01532,中国派对文化
01388,安莉芳控股
00696,中国民航信息网络
00395,中国智能集团
01470,富一国际控股
00855,中国水务
01996,弘阳地产
01975,新兴印刷
00380,冠力国际
00389,通天酒业
01375,中州证券
00706,美丽中国控股
00662,亚洲金融
01382,互太纺织
01448,福寿园
00970,耀莱集团
00733,合富辉煌
02033,时计宝
03110,未来恒生高股息率
01536,煜荣集团
03116,易亚富时黄金矿业
01685,博耳电力
00687,香港国际建投
01117,现代牧业
00093,添利工业
00526,利时集团控股
00666,新工投资
01833,平安好医生
00577,南岸集团
01421,工盖有限公司
00396,兴利(香港)控股
01129,中国水业集团
03908,中金公司
00680,南海控股
02116,江苏创新
00905,环球大通投资
00368,中外运航运
06188,迪信通
00379,恒嘉融资租赁
00401,万嘉集团
03398,华鼎控股
01022,飞鱼科技
01069,中国农林低碳
01003,欢喜传媒
00852,海峡石油化工
01548,金斯瑞生物科技
01690,立基工程控股
01483,誉宴集团
02366,星美文化旅游
00378,五龙动力
00872,启迪国际
01998,飞克国际
00956,新天绿色能源
01496,亚积邦租赁
01518,新世纪医疗
01171,兖州煤业股份
03308,金鹰商贸集团
01431,原生态牧业
00904,中绿
00038,第一拖拉机股份
00472,新丝路文旅
01928,金沙中国有限公司
02362,金川国际
00658,中国高速传动
02380,中国电力
01430,苏创燃气
00929,国际精密
01530,三生制药
01513,丽珠医药
00347,鞍钢股份
00632,东方明珠石油
00318,黄河实业
00837,谭木匠
00772,阅文集团
01727,河北建设
06198,青岛港
01583,亲亲食品
01831,十方控股
00110,中国长远
00099,王氏国际
08053,比优集团
03188,华夏沪深三百
01094,中国公共采购
00674,中国唐商
00668,东银国际控股
00894,万裕科技
03613,同仁堂国药
00806,惠理集团
00815,中国白银集团
00856,伟仕佳杰
00412,中国山东高速金融
01533,庄园牧场
01446,鸿福堂
01499,前进控股集团
00053,国浩集团
00747,渖阳公用发展股份
01710,致丰工业电子
01500,现恒建筑
03318,中国香精香料
02120,康宁医院
00869,彩星玩具
01546,德莱建业
00663,金山能源
00874,白云山
00488,丽新发展
00045,大酒店
01699,普甜食品
00092,冠军科技
00659,新创建集团
02663,应力控股
01488,百福控股
00914,海螺水泥
01452,迪诺斯环保
01480,恩达集团控股
01385,上海复旦
00066,港铁公司
00176,先机企业集团
00406,有利集团
01549,永丰集团控股
00678,云顶香港
03020,XTR美国
02678,天虹纺织
00611,中国核能科技
00033,亚投金融集团
00936,鹏程亚洲
00769,中国稀土
01560,星星地产
03145,BMO亚洲高息股
08439,新百利融资
00040,金山工业
00889,连达科技控股
00883,中国海洋石油
03126,领航日本
01991,大洋集团
00908,珠海控股投资
00348,中国智能健康
00758,庄胜百货
00704,和嘉资源
00735,中国电力清洁能源
01615,奥邦建筑
00057,震雄集团
01629,盟科控股
00969,华联国际
00056,联合地产(香港)
00553,南京熊猫电子股份
00383,中国医疗网络
06869,长飞光纤光缆
01523,珩湾科技
00720,意达利控股
02369,酷派集团
03368,百盛集团
00433,北方矿业
01706,双运控股
00660,伟俊矿业集团
01668,华南城
00991,大唐发电
00816,华电福新
00732,信利国际
00948,融达控股
00411,南顺(香港)
01462,金诚控股
00983,瑞安建业
01114,华晨中国
01557,剑虹集团控股
02846,安硕沪深三百
01551,广州农商银行
01450,世纪睿科
00819,天能动力
00051,海港企业
00372,保德国际发展
08360,利骏集团香港
00586,海螺创业
00718,太和控股
00673,中国卫生集团
01726,HKE HOLDINGS
01396,毅德国际
02022,游莱互动
01578,天津银行
02031,澳至尊
00909,中大国际
01035,BBI生命科学
04604,ICBC EURPREF1
01157,中联重科
00460,四环医药
01419,盈健医疗
08153,科地农业
00943,意科控股
00899,亚洲资源
02363,通达宏泰
04609,CMBC 16USDPREF
01443,富临集团控股
01652,福森药业
01539,汇能集团
02336,海亮国际
02119,捷荣国际控股
00398,东方表行集团
00677,金源米业
01978,叙福楼集团
00945,宏利金融-S
01994,海底捞(临时代码)
00438,彩虹新能源
08059,朝威控股
01627,安保工程控股
00391,美亚娱乐资讯
03140,领航标普五百
00402,天下图控股
01552,BHCC HOLDING
01565,成实外教育
01543,中盈盛达融资担保
08086,新维国际控股
01569,民生教育
01576,齐鲁高速
03919,金力集团
02349,中国城市基础设施
00754,合生创展集团
03322,永嘉集团
00620,大唐西市
00798,中电光谷
02014,浩泽净水
00717,英皇证券
00419,华谊腾讯娱乐
00646,中国环保科技
01520,华信金融投资
00405,越秀房产信托基金
01210,克莉丝汀
00891,利邦
00077,进智公共交通
00606,中国粮油控股
00444,先施表行
01587,欣融国际
01573,中国优质能源
00940,中国动物保健品
01580,大森控股
08113,扬宇科技
02688,新奥能源(一百)
01203,广南(集团)
01577,汇鑫小贷
00001,长和
00878,金朝阳集团
03303,巨涛海洋石油服务
01566,华夏动漫
01571,信邦控股
03358,荣威国际
00788,中国铁塔
00653,卓悦控股
01608,伟能集团
01622,力高集团
01997,九龙仓置业
00064,结好控股
00881,中升控股
00084,宝光实业
00867,康哲药业
01070,TCL电子
01568,承达集团
01581,进升集团控股
03100,易方达中一百
03663,协众国际控股
02011,开易控股
00458,联亚集团
00462,天然乳品
00848,茂业国际
02113,东盈控股
02083,大自然家居
03728,正利控股
00423,经济日报集团
00482,圣马丁国际
01623,海隆控股
00508,鼎亿集团投资
01253,中国绿地博大绿泽
01659,海天能源
00931,中国天然气
01591,汛和集团
01122,庆铃汽车股份
02138,香港医思医疗集团
01655,OKURA HOLDINGS
01637,顺兴集团控股
02123,金盾控股
03301,融信中国
00476,中国动力控股
00764,永恒策略
01420,川控股
00474,昊天发展集团
00088,大昌集团
01108,洛阳玻璃股份
00400,科通芯城
03813,宝胜国际
02017,沧海控股
01265,天津津燃公用
01610,中粮肉食
00812,西证国际证券
00913,合一投资
00420,福田实业
00440,大新金融
03302,光控精技
03606,福耀玻璃
02099,中国黄金国际
03389,亨得利
02066,盛京银行
00907,高雅光学
01630,建成控股
01258,中国有色矿业
00483,包浩斯国际
00034,九龙建业
01559,均安控股
00418,方正控股
01085,亨鑫科技
00702,中国油气控股-新
03323,中国建材
00499,青岛控股
02136,利福中国
01621,域高国际控股
02341,中怡国际
02168,盈德气体
01678,中创环球
01616,星宏传媒
03777,中国光纤
00491,英皇文化产业
00918,国能国际资产
01598,21世纪教育
00417,谢瑞麟
01667,进阶发展
00888,贝森金融
00885,仁天科技控股
00062,载通
03788,中国罕王
00071,美丽华酒店
01096,中能国际控股
03886,康健国际医疗
01620,加达控股
01625,翔辉矿业
00902,华能国际电力股份
00297,中化化肥
00817,中国金茂
00480,香港兴业国际
