你好么炎炎八月，愈发精彩。iPhone X，你好未来。更多精彩速来 >>,123.99
【原封国行正品】送无线充+钢化膜+保护壳   苹果8 Plus低价抢购,123.99
【京东配送 时效快捷】店长力推套装版更优惠！苹果8plus热卖中!,123.99
【国行原封正品 】下单送指环扣+壳+膜【点击抢购苹果8Plus】,123.99
请备注运营商电话卡（电信4G不稳定）,123.99
,123.99
"全新原封,正品国行,仅加79元得无线充电器, 华为P20 Pro热销中",123.99
评价赠送凌美钢笔（电信4G网络不稳定）,123.99
评价赠凌美钢笔（注：电信4G不稳定）,123.99
,123.99
,123.99
赠电动牙刷，赠一年延长保修，京仓直发，国行正品，一年延保服务，详情点击,123.99
,123.99
【国行正品】下单送透明壳+钢化膜+气垫指环！点击购买小米8,123.99
评价礼包！京东物流 国行正品【荣耀v10 购机赠2000元话费 高配赠手机】,123.99
7.29-8.6华为平板100优惠券限量抢，全场满赠，点击进入！,123.99
【拍下立发！】现在下单就送多重好礼，数量有限，先到先得！,123.99
自营入仓高检验标准，带发票，可开增值税发 点击购买苹果认证英国品牌  tech21手机壳,123.99
,123.99
【京东配送 时效快捷 】，原封正品国行，送手机壳+膜+内置原装耳机，购苹果8 plus,123.99
,123.99
【上海移动联系客服合约立减500元】【原封国行正品 全国联保】~上海移动点此合约购买苹果X,123.99
【京东自营】限时限量抢购Apple产品年中狂欢节,123.99
现货速发，正品国行，全国联保！,123.99
,123.99
现货当天发，晒单送3大豪礼，人生在世及时行乐！,123.99
原装未拆封！送壳膜 国行正品！小米8 256黑白大量现货,123.99
下单即送保护壳+刚化膜+无线充，免费赠送卡贴,123.99
【全新原封苹果】iPhone海外版现货发售速达！参加延保一年活动，苹果8低至4558猛戳！,123.99
正品国行 全国联保 旗舰店品质保证！苹果iPhone 8点击此处有惊喜,123.99
