00703,佳景集团
08370,智升集团控股
00335,美建集团
00771,自动系统
08476,大洋环球控股
08377,申酉控股
08426,雅居投资控股
00728,中国电信
08362,运兴泰集团
08457,健升物流中国
09846,安硕沪深三百-U
01053,重庆钢铁股份
08473,弥明生活百货
08400,亚洲先锋娱乐
00336,华宝国际
00187,京城机电股份
00451,协鑫新能源
08369,立基工程控股
08363,爵士芭蕾舞学院
00716,胜狮货柜
00755,上海证大
00770,沪光国际
00605,中国金融投资管理
00651,中海重工
00750,兴业太阳能
00722,联合医务
00069,香格里拉(亚洲)
00731,森信纸业集团
00152,深圳国际
08168,宝积资本
08470,莹岚集团
00151,中国旺旺
08360,利骏集团香港
00760,新天地产集团
00761,百营环球资源
06828,北京燃气蓝天
00692,中国家居
00765,威发国际
08415,乐嘉思控股
00037,远东酒店实业
00165,中国光大控股
00745,中国国家文化产业
01359,中国信达
08442,桦欣控股
02777,富力地产
08423,CHI HO DEV
01269,首控集团
08460,基地锦标集团
08487,ISP GLOBAL
08450,钜京控股
00767,亚太丝路投资
08439,新百利融资
08190,康佰控股
01068,雨润食品
01806,汇付天下
00736,中国置业投资
01132,橙天嘉禾
00699,神州租车
08406,合宝丰年
00027,银河娱乐
00725,恒都集团
03737,中智药业
00690,联康生物科技集团
08475,千盛集团控股
08493,龙皇集团
00713,世界(集团)
08451,日光控股
02700,格林国际控股
00756,森美控股
08425,兴铭控股
08392,舍图控股
08472,立高控股
00693,陈唱国际
08422,WT集团
00710,京东方精电
00738,莱尔斯丹
00061,绿领控股
00247,尖沙咀置业
01138,中远海能
08462,桥英控股
01611,桐成控股
08547,PACIFIC LEGEND
08446,ITP HOLDINGS
00727,皇冠环球集团
00079,世纪建业
00112,勒泰商业地产
08485,竣球控股
08501,庄皇集团公司
08480,飞霓控股
00188,新华汇富金融
00775,长江生命科技
00003,香港中华煤气
08483,名仕快相
00290,中国富强金融
01066,威高股份
08511,ZC TECH GP
00137,金辉集团
00709,佐丹奴国际
00489,东风集团股份
00072,现代传播
00752,笔克远东
08331,恒勤集团
00777,网龙
00279,民众金融科技
00202,润中国际控股
08509,威扬酒业控股
03329,交银国际
00136,恒腾网络
00776,帝国集团环球控股
00759,CEC国际
08455,礼建德集团
02009,金隅集团
00351,亚洲能源物流
01288,农业银行
08527,聚利宝控股
00393,旭日企业
00794,锦胜集团(控股)
00730,首长四方
09186,中金金瑞中网-U
01672,歌礼制药-B
02333,长城汽车
00766,中盈集团控股
00854,威雅利
00135,昆仑能源
02799,中国华融
08519,JIA GROUP
06099,招商证券
08512,凯富善集团控股
00374,四洲集团
08513,迎宏控股
02020,安踏体育
08506,福纺控股
00014,希慎兴业
00371,北控水务集团
08471,新达控股
00403,星光集团
08523,常满控股
00020,会德丰
00737,合和公路基建
00800,A8新媒体
00762,中国联通
00303,伟易达
08535,荧德控股
00377,华君国际集团
00397,权威金融
00358,江西铜业股份
01575,慕容控股
00024,宝威控股
00016,新鸿基地产
00670,中国东方航空股份
08490,骏码科技
00529,新龙国际
00404,新昌集团控股
09081,价值黄金-U
08545,佰悦集团
00506,中国食品
00807,上海实业环境
00004,九龙仓集团
00811,新华文轩
00778,置富产业信托
00757,阳光能源
00386,中国石油化工股份
00820,汇丰中国翔龙基金
08540,胜利证券
00784,凌锐控股
00522,ASM太平洋
00810,中国互联网投资
00047,合兴集团
08521,智纺国际控股
00300,昆明机床
00751,创维数码
00789,领视控股
01065,天津创业环保股份
08522,德益控股
00787,利标品牌
03988,中国银行
02318,中国平安
02338,潍柴动力
08495,1957 & CO.
00015,盈信控股
08502,远航港口
00822,嘉瑞国际
00711,亚洲联合基建控股
00322,康师傅控股
00839,中教控股
03866,青岛银行
08606,冠控股
00797,第七大道
00465,富通科技
00846,明发集团
00455,天大药业
00825,新世界百货中国
01055,中国南方航空股份
00841,木薯资源
00826,天工国际
03808,中国重汽
00801,金卫医疗
00557,天元医疗
00010,恒隆集团
00425,敏实集团
06838,盈利时
00144,招商局港口
03800,保利协鑫能源
01458,周黑鸭
00845,恒盛地产
00445,中集天达
00007,香港金融集团
00022,茂盛控股
00484,云游控股
08491,COOL LINK
03396,联想控股
00831,利亚零售
00832,建业地产
08532,宝发控股
00459,美联工商铺
08526,荣丰集团亚洲
00524,长城一带一路
00689,长盈集团(控股)
00655,香港华人有限公司
06119,天源集团
00818,高阳科技
00724,瑞鑫国际集团
00802,中国钱包
00012,恒基地产
00827,玖源集团
01988,民生银行
00018,东方报业集团
00390,中国中铁
01361,361度
06116,拉夏贝尔
00521,CWT INT’L
00828,王朝酒业
02727,上海电气
00850,投融长富
00858,精优药业
08507,爱世纪集团
00520,呷哺呷哺
08536,TL NATURAL GAS
00005,汇丰控股
08481,盛龙锦秀国际
01919,中远海控
00021,大中华地产控股
00808,泓富产业信托
00873,中国泰丰床品
00842,理士国际
00029,达力集团
00656,复星国际
00875,中国金控
00494,利丰
00844,广泰国际控股
00510,时富金融服务集团
00617,百利保控股
00436,新宇环保
00814,北京京客隆
00804,鼎石资本
00657,环科国际
00835,亚洲煤业
00877,昂纳科技集团
00829,神冠控股
01980,天鸽互动
00032,港通控股
00579,京能清洁能源
02196,复星医药
00590,六福集团
00640,星谦发展
00432,盈大地产
00019,太古股份公司A
00030,万隆控股集团
00031,航天控股
00636,嘉里物流
00006,电能实业
00025,其士国际
00052,大快活
03383,雅居乐集团
00599,怡邦行控股
01618,中国中冶
00675,坚宝国际
00017,新世界发展
02319,蒙牛乳业
00876,佳兆业健康
00198,星美控股
00863,品牌中国
00866,中国秦发
01336,新华保险
00602,佳华百货控股
01958,北京汽车
00392,北京控股
00859,中昌国际控股
00698,通达集团
00026,中华汽车
00002,中电控股
00860,力世纪
00609,天德化工
01508,中国再保险
00921,海信科龙
00285,比亚迪电子
02280,慧聪集团
06886,华泰证券
00855,中国水务
00694,北京首都机场股份
00880,澳博控股
00041,鹰君
00096,友成控股
00175,吉利汽车
08525,百应租赁
00865,建德国际控股
00527,瑞风新能源
00596,浪潮国际
00868,信义玻璃
00058,新威国际
00864,永利地产发展
00813,世茂房地产
00884,旭辉控股集团
00697,首长国际
00082,第一视频
00076,南海石油
00043,卜蜂国际
00078,富豪酒店
00054,合和实业
01186,中国铁建
00803,昌兴国际
00696,中国民航信息网络
00886,银基集团
01375,中州证券
00215,和记电讯香港
00715,中泛控股
00075,渝太地产
00708,恒大健康
00070,金粤控股
00729,五龙电动车
00035,远东发展
00684,亚伦国际
00662,亚洲金融
00887,英皇钟表珠宝
00733,合富辉煌
00665,海通国际
00046,科联系统
02628,中国人寿
00050,香港小轮(集团)
00081,中国海外宏洋集团
01205,中信资源
00090,琥珀能源
00055,中星集团控股
01727,河北建设
00099,王氏国际
01117,现代牧业
00577,南岸集团
00852,海峡石油化工
00874,白云山
00948,融达控股
00889,连达科技控股
00093,添利工业
00051,海港企业
00720,意达利控股
00816,华电福新
00904,中绿
00956,新天绿色能源
00717,英皇证券
00620,大唐西市
00991,大唐发电
00038,第一拖拉机股份
00929,国际精密
01157,中联重科
00045,大酒店
00891,利邦
00064,结好控股
06188,迪信通
00053,国浩集团
00057,震雄集团
00894,万裕科技
00909,中大国际
00856,伟仕佳杰
01003,欢喜传媒
00899,亚洲资源
00969,华联国际
00806,惠理集团
00983,瑞安建业
02380,中国电力
00754,合生创展集团
00819,天能动力
00611,中国核能科技
00092,冠军科技
00735,中国电力清洁能源
00001,长和
01114,华晨中国
00936,鹏程亚洲
00056,联合地产(香港)
01108,洛阳玻璃股份
00945,宏利金融-S
00066,港铁公司
00040,金山工业
00869,彩星玩具
00606,中国粮油控股
00077,进智公共交通
00084,宝光实业
02688,新奥能源(一百)
00788,中国铁塔
00060,香港食品投资
00881,中升控股
00821,汇盈控股
00916,龙源电力
00088,大昌集团
00913,合一投资
00867,康哲药业
00812,西证国际证券
00888,贝森金融
00981,中芯国际
00817,中国金茂
00907,高雅光学
00940,中国动物保健品
00363,上海实业控股
00931,中国天然气
00848,茂业国际
00062,载通
01085,亨鑫科技
03301,融信中国
00918,国能国际资产
00878,金朝阳集团
00034,九龙建业
00985,中誉集团
01088,中国神华
00978,招商局置地
00930,中国森林
00297,中化化肥
01072,东方电气
01006,长寿花食品
00102,凯升控股
00902,华能国际电力股份
00973,欧舒丹
00933,光汇石油
00893,中国铁钛
01070,TCL电子
00840,天业节水
01101,华荣能源
02886,滨海投资
00951,超威动力
03836,和谐汽车
00106,朗诗绿色集团
00830,远东环球
00996,嘉年华国际
00071,美丽华酒店
02888,渣打集团
00915,道和环球
00068,利兴发展
03328,交通银行
03320,华润医药
00975,蒙古焦煤
00895,东江环保
00938,民生国际
00910,中国三迪
00743,亚洲水泥(中国)
00980,联华超市
01635,大众公用
00958,华能新能源
00896,兴胜创建
00065,弘海高新资源
01432,中国圣牧
00901,鹰力投资
00976,齐合环保
00105,凯联国际酒店
00089,大生地产
01093,石药集团
00954,常茂生物
03958,东方证券
00109,天成国际
01076,博华太平洋
00897,位元堂
00960,龙湖集团
06833,兴科蓉医药
00912,信佳国际
02388,中银香港
00935,龙翔集团
00898,万事昌国际
06060,众安在线
01052,越秀交通基建
00953,邵氏兄弟控股
00039,中国北大荒
00911,前海健康
00095,绿景中国地产
02378,保诚
01020,赛伯乐国际控股
00823,领展房产基金
00851,盛源控股
00107,四川成渝高速公路
00073,亚洲果业
06881,中国银河
00098,兴发铝业
00113,迪生创建
00114,兴利集团
01661,智美体育
03369,秦港股份
00900,AEON信贷
00926,碧生源
00143,国安国际
01658,邮储银行
00155,中国源畅
00928,莲和医疗
01044,恒安国际
00086,新鸿基公司
01049,时富投资
02007,碧桂园
00947,摩比发展
00923,综合环保集团
00104,冠亚商业
00091,标准资源控股
03799,达利食品
00087,太古股份公司B
00063,中国烯谷集团
00838,亿和控股
01009,国际娱乐
00119,保利置业集团
00836,华润电力
00337,绿地香港
00097,恒基发展
00919,现代美容
00121,卜蜂莲花
06868,天福
01230,雅士利国际
00196,宏华集团
00967,桑德国际
00922,安贤园中国
00799,IGG
00968,信义光能
03996,中国能源建设
00982,华金国际资本
00126,佳宁娜
00122,鳄鱼恤
00186,敏捷控股
00125,新兴光学
00932,顺腾国际控股
00903,冠捷科技
00115,钧濠集团
00990,荣晖国际
00127,华人置业
06839,云南水务
01002,威铖国际
00959,奥玛仕国际
01086,好孩子国际
00267,中信股份
00995,安徽皖通高速公路
00988,丝路物流控股
08366,浙江联合投资
01102,环能国际
01039,鑫网易商
00994,恒诚建筑
00979,绿色能源科技集团
00162,世纪金花
03382,天津港发展
00468,纷美包装
00927,富士高实业
01064,中华国际
06818,中国光大银行
03669,永达汽车
00986,中国环保能源
00131,卓能(集团)
00428,中国天弓控股
06160,百济神州-B
00161,中航国际控股
00141,大中华集团
01001,沪港联合
00167,万威国际
00679,亚洲联网科技
00117,天利控股集团
01060,阿里影业
00691,山水水泥
00941,中国移动
01061,亿胜生物科技
01395,强泰环保
00987,中国再生能源投资
01007,龙辉国际控股
00132,中国兴业控股
00145,香港建屋贷款
01193,华润燃气
01112,H&H国际控股
00142,第一太平
00984,永旺
01189,珀丽酒店
00360,新焦点
01200,美联集团
01097,有线宽频
06830,华众车载
01019,康宏环球
00999,I.T
01165,顺风清洁能源
00185,正恒国际控股
01113,长实集团
00067,旭光高新材料
00120,四海国际
00130,慕诗国际
01089,乐游科技控股
00158,万邦投资
00989,广泽国际发展
01118,高力集团
01058,粤海制革
01466,钱唐控股
00156,力宝华润
00992,联想集团
01021,麦达斯控股-S
01051,国际资源
01045,亚太卫星
00608,达利国际
00628,国美金融科技
01417,浦江中国
01000,北青传媒
00581,中国东方集团
00556,泛亚环保
00139,中国软实力
00182,协合新能源
01313,华润水泥控股
00123,越秀地产
01220,志道国际
00449,志高控股
01164,中广核矿业
00129,泛海集团
01010,太睿国际控股
00148,建滔集团
00124,粤海置地
00173,嘉华国际
00554,汉思能源
01011,泰凌医药
01221,信和酒店
00384,中国燃气
01008,贵联控股
00164,中国宝力科技-新
01121,宝峰时尚
01558,东阳光药
01023,时代集团控股
01522,京投交通科技
00118,大同机械
01223,新沣集团
00998,中信银行
01033,中石化油服
00146,太平地毡
01251,华油能源
00181,闽港控股
01079,松景科技
01400,宏太控股
00172,金榜集团
01478,丘钛科技
01005,美力时集团
00833,华讯
00163,英皇国际
01048,煜新控股
01579,颐海国际
01555,MI能源
01194,麦盛资本
01528,红星美凯龙
00193,冠中地产
01028,千百度
01570,伟业控股
01013,伟俊集团控股
00174,盛洋投资
00997,普汇中金国际
00934,中石化冠德
00159,布莱克万矿业
01235,专业旅运
01043,光宇国际集团科技
01468,英裘控股
01199,中远海运港口
00853,微创医疗
01239,TEAMWAY INTL GP
00160,汉国置业
01259,中国儿童护理
01232,金轮天地控股
01280,汇银智慧社区
01057,浙江世宝
00189,东岳集团
01317,枫叶教育
01216,中原银行
00211,大凌集团
00906,中粮包装
01031,金利丰金融
00834,康大食品
01282,中国金洋
01038,长江基建集团
00168,青岛啤酒股份
01292,长安民生物流
00178,莎莎国际
01492,中地乳业
00147,国际商业结算
01036,万科置业海外
01050,嘉利国际
00177,江苏宁沪高速公路
00952,中国通海金融
00183,宏辉集团
00111,信达国际控股
01475,日清食品
00149,中国农产品交易
01046,寰宇国际金融
00166,新时代能源
01041,林达控股
01103,大生农业金融
01059,看通集团
01030,新城发展控股
03698,徽商银行
01556,建业建荣
00197,亨泰
01047,毅兴行
01365,润东汽车
01004,中国智慧能源
01632,膳源控股
01037,云智汇科技
02811,海通沪深三百
03678,弘业期货
01120,雅视光学
00238,长兴国际
01586,中国力鸿
01212,利福国际
03332,中生联合
00225,博富临置业
03828,明辉国际
01062,国开国际投资
01476,恒投证券
01486,思城控股
01080,胜利管道
01206,同方泰德
01073,浩伦农科
01606,国银租赁
01773,天立教育
00219,顺豪物业
00179,德昌电机控股
01333,中国忠旺
00184,激成投资
02668,百德国际
03688,莱蒙国际
01599,城建设计
01075,首都信息
00232,中国航空工业国际
01026,环球实业科技
00224,建生国际
01098,路劲
00207,大悦城地产
03903,瀚华金控
01589,中国物流资产
01091,中信大锰
03848,富道集团
01133,哈尔滨电气
01929,周大福
00195,绿科科技国际
01617,南方通信
01231,新矿资源
01082,香港教育国际
01123,中港照相
03888,金山软件
00214,汇汉控股
03339,中国龙工
02186,绿叶制药
01836,九兴控股
00206,TSC集团
00194,廖创兴企业
01858,春立医疗
00199,德祥地产
03623,中国金融发展
01107,当代置业
02086,海航科技投资
03882,天彩控股
01104,亚太资源
01185,中国航天万源
02689,玖龙纸业
03600,现代牙科
01142,西伯利亚矿业
01083,港华燃气
02389,北控医疗健康
00200,新濠国际发展
01798,大唐新能源
00222,闽信集团
02183,三盛控股
00216,建业实业
01848,中国飞机租赁
03344,共享集团
02699,新明中国
02789,远大中国
01739,齐屹科技
01106,中国海景
01818,招金矿业
01663,汉港控股
01135,亚洲卫星
01127,狮子山集团
01090,大明国际
02039,中集集团
02601,中国太保
01816,中广核电力
01808,企展控股
01105,星岛
01125,丽丰控股
00241,阿里健康
01838,中国地产
00236,香港生力啤
01126,德林国际
00210,达芙妮国际
00253,顺豪控股
00240,利基控股
00204,中国投资开发
01900,中国智能交通
01651,津上机床中国
01649,内蒙古能建
01109,华润置地
01757,俊裕地基
03699,光大永年
01609,创建集团控股
03968,招商银行
00233,铭源医疗
01100,飞达控股
00217,中国诚通发展集团
00235,中策集团
01124,沿海家园
02128,中国联塑
01149,中国安芯
01151,依利安达
01110,金活医药集团
01697,山东国信
01788,国泰君安国际
02262,梁志天设计集团
02377,博奇环保
02607,上海医药
01140,东英金融
00212,南洋集团
01131,鸿宝资源
03618,重庆农村商业银行
03395,PERSTA
00190,香港建设(控股)
00242,信德集团
01116,美亚控股
00205,财讯传媒
03889,大成糖业
00208,保利达资产
82811,海通沪深三百-R
00201,华大酒店
01130,中国环境资源
02448,恒宇集团
02866,中远海发
03738,阜博集团
06122,九台农商银行
00191,丽新国际
00221,易易壹金融
02188,泰坦能源技术
00252,华信地产财务
02222,雷士照明
01962,训修实业
01128,永利澳门
00239,白花油
00251,爪哇控股
02255,海昌海洋公园
00226,力宝
06896,金嗓子
01187,汉唐国际控股
02269,药明生物
02008,凤凰卫视
02018,瑞声科技
03366,华侨城(亚洲)
00244,先施
06168,中国优通
01148,新晨动力
00254,国家联合资源
82823,安硕A50-R
02182,天长集团
01170,信星集团
03608,永盛新材料
00262,迪臣发展国际
00231,平安证券集团-新
02330,中国上城
00234,新世纪集团
01166,星凯控股
01993,雅仕维
00036,远东控股国际
01173,威高国际
01161,奥思集团
02320,合丰集团
82833,恒指ETF-R
00008,电讯盈科
06166,中国宏泰发展
02238,广汽集团
01136,台泥国际集团
02288,宏基资本
01182,胜龙国际
01168,百仕达控股
01178,汇银控股集团
00220,统一企业中国
01159,星光文化
01139,华多利集团
01152,正乾金融控股
00313,裕田中国
01174,太平洋恩利
80737,合和公路基建-R
02202,万科企业
01177,中国生物制药
08199,中国万桐园
00243,品质国际
00009,九号运通
01160,大唐投资国际
01826,达飞控股
00209,瀛晟科学
00257,中国光大国际
00237,安全货仓
83081,价值黄金-R
01175,鲜驰达控股
00223,易生活控股
06888,英达公路再生科技
00331,丰盛服务集团
01146,中国服饰控股
02213,益华控股
00245,中国民生金融
82822,南方A50-R
00246,瑞金矿业
00260,幸福控股
00042,东北电气
00277,太兴置业
82834,安硕纳指一百-R
00227,第一上海
01141,民银资本
01868,同方友友
00248,香港通讯国际控股
03833,新疆新鑫矿业
02686,亚美能源
82846,安硕沪深三百-R
08079,易还财务投资
00259,亿都(国际控股)
01184,时捷集团
01111,创兴银行
01172,融太集团
06066,中信建投证券
02005,石四药集团
01181,唐宫中国
00271,亚证地产
08256,金利通
01143,华夏健康产业
00255,龙记集团
01619,天合化工
00326,中国星集团
00011,恒生银行
00048,中国汽车内饰
00264,中玺国际
00080,中国新经济投资
00100,白马户外媒体
83140,领航标普五百-R
01196,伟禄集团
00263,高富集团控股
82847,安硕富时一百-R
01195,京维集团
00266,天德地产
00496,卡森国际
83074,安硕MS台湾-R
83137,南方中华80-R
01238,宝龙地产
01180,汇彩控股
00256,冠城钟表珠宝
82836,安硕印度-R
01215,开源控股
01236,国农控股
01226,中国投融资
01270,朗廷-SS
00289,永安百货
00364,区块链集团
00169,万达酒店发展
00280,景福集团
01163,德金资源
01188,正道集团
00116,周生生
01263,柏能集团
00108,国锐地产
00310,嘉进投资国际
01229,南南资源
00469,凯普松国际
00230,五矿地产
00281,川河集团
00085,中电华大科技
01249,通力电子
01225,隆成金融
00138,中建富通
01228,奇峰国际
01190,航标控股
00250,中国数码信息
83095,价值中国A股-R
01192,泰山石化
00306,冠忠巴士集团
01233,时代中国控股
01218,永义国际
00283,高银地产
00682,超大现代
00153,中国赛特
83147,南方中创业板-R
01271,佳明集团控股
00270,粤海投资
00180,开达集团
00328,爱高集团
00298,庄士中国
83168,恒生人币金ETF
01224,中渝置地
00467,联合能源集团
00359,海升果汁
00295,江山控股
83199,南方五年国债-R
01217,中国创新投资
00268,金蝶国际
00287,永发置业
01260,皓天财经集团
82828,恒生中国企业-R
00291,华润啤酒
01222,宏安集团
01243,宏安地产
00218,申万宏源
00512,远大医药
01234,中国利郎
00278,华厦置业
00286,同佳健康
00154,北京控股环境集团
00293,国泰航空
00294,长江制衣
01191,中国中石控股
83128,恒生A股龙头-R
00275,凯华集团
00327,百富环球
00128,安宁控股
01219,天喔国际
83149,南方MSCI-R
00272,瑞安房地产
00316,东方海外国际
01227,国盛投资
01250,北控清洁能源集团
01247,米格国际控股
00265,东胜旅游
87001,汇贤产业信托
01202,成都普天电缆股份
00296,英皇娱乐酒店
00276,蒙古能源
01268,美东汽车
01213,万保刚集团
00282,壹传媒
01208,五矿资源
00273,茂宸集团
00258,汤臣集团
01262,蜡笔小新食品
83188,华夏沪深三百-R
01201,天臣控股
00292,泛海酒店
01197,中国恒石
00171,银建国际
00229,利民实业
01272,大唐环境
00456,新城市建设发展
00307,优派能源发展
01207,上置集团
01237,中科生物
00353,能源国际投资
01255,港大零售
01277,力量能源
00274,中富资源
01290,中国汇融
00133,招商局中国基金
01329,首创钜大
01289,盛力达科技
00329,东建国际
00532,王氏港建
01246,保集健康
01275,开元产业信托
00308,香港中旅
01366,江南集团
01273,香港信贷
01296,国电科环
00332,元亨燃气
00334,华显光电
00094,绿心集团
00288,万洲国际
01326,传递娱乐
01298,天美(控股)
01302,先健科技
01293,广汇宝信
01245,NIRAKU
00320,金宝通
00321,德永佳集团
01319,霭华押业信贷
01252,中国天瑞水泥
01381,粤丰环保
01297,中国擎天软件
00312,岁宝百货
00309,新华通讯频媒
01372,比速科技
00551,裕元集团
01373,国际家居零售
01316,耐世特
01321,中国新城市
00366,陆氏集团(越南)
01314,翠华控股
01308,海丰国际
01363,中滔环保
01347,华虹半导体
01368,特步国际
00346,延长石油国际
00103,首长宝佳
00261,中建置地
01322,创达科技控股
01303,汇力资源
00544,大同集团
01278,中国新城镇
01338,霸王集团
01339,中国人民保险集团
01300,俊知集团
00434,博雅互动
01315,允升国际
01330,绿色动力环保
00357,瑞港集团
00330,思捷环球
01378,中国宏桥
00299,新体育
01299,友邦保险
00311,联泰控股
00487,实德环球
00339,核心经济投资
01383,太阳城集团
01328,精英国际
00376,云锋金融
00305,五菱汽车
00315,数码通电讯
00157,自然美
01323,友川股份
00333,黛丽斯国际
00340,潼关黄金
00228,中能控股
01310,香港宽频
01305,伟志控股
00342,新海能源
01312,同方康泰
00317,中船防务
00213,乐声电子
00059,天誉置业
00343,文化传信
00701,北海集团
01198,皇朝家私
00101,恒隆地产
00338,上海石油化工股份
00629,悦达矿业
00871,中国疏浚环保
00550,KK文化
00583,长城环亚控股
00712,卡姆丹克太阳能
01332,中国透云
01341,昊天国际建投
01345,中国先锋医药
00619,南华金融
00578,融信资源
01340,惠生国际
00354,中国软件国际
01318,格菱控股
00387,力丰(集团)
01371,华彩控股
01349,复旦张江
00686,熊猫绿能
00361,顺龙控股
01348,甏锔豢毓
00925,北京建设
01327,时间由你
00862,远见控股
01367,广州基金国际控股
01393,恒鼎实业
00375,YGM贸易
01547,IBI GROUP HLDGS
01380,中国金石
01418,盛诺集团
00369,永泰地产
01447,新福港
00345,维他奶国际
00882,天津发展
01360,MEGAEXPO HLDG
00809,大成生化科技
00362,中国天化工
01399,飞毛腿
01370,奥威控股
01387,人和商业
00365,紫光控股
00355,世纪城市国际
01439,移动互联(中国)
01461,鲁证期货
01353,诺奇
00408,叶氏化工集团
00341,大家乐集团
00993,华融金控
00352,富阳
01527,天洁环境
01451,万成集团股份
01087,威讯控股
00367,庄士机构国际
01389,美捷汇控股
01426,春泉产业信托
00385,建联集团
00707,亚洲电视控股
00630,隽泰控股
01362,新龙移动
01459,巨匠建设
01335,顺泰控股
01415,高伟电子
01386,国投集团控股
00373,联合集团
00623,中视金桥
00966,中国太平
00399,领航医药生物科技
00950,李氏大药厂
01385,上海复旦
01428,耀才证券金融
00412,中国山东高速金融
01388,安莉芳控股
00687,香港国际建投
00381,侨雄国际
00872,启迪国际
01526,瑞慈医疗
01515,华润凤凰医疗
00905,环球大通投资
00632,东方明珠石油
00379,恒嘉融资租赁
01421,工盖有限公司
01513,丽珠医药
01448,福寿园
00396,兴利(香港)控股
01460,扬科集团
01094,中国公共采购
01382,互太纺织
00837,谭木匠
01488,百福控股
00970,耀莱集团
00772,阅文集团
00356,鼎立资本
00395,中国智能集团
01498,培力控股
01532,中国派对文化
01431,原生态牧业
01069,中国农林低碳
01548,金斯瑞生物科技
01539,汇能集团
00380,冠力国际
01469,结好金融
00815,中国白银集团
01483,誉宴集团
01536,煜荣集团
01035,BBI生命科学
00402,天下图控股
01462,金诚控股
01499,前进控股集团
01470,富一国际控股
01496,亚积邦租赁
01452,迪诺斯环保
00406,有利集团
00747,渖阳公用发展股份
01027,中国集成控股
00378,五龙动力
01443,富临集团控股
01530,三生制药
00883,中国海洋石油
00706,美丽中国控股
00347,鞍钢股份
01480,恩达集团控股
00389,通天酒业
01551,广州农商银行
01543,中盈盛达融资担保
00383,中国医疗网络
00416,锦州银行
01518,新世纪医疗
00401,万嘉集团
02362,金川国际
01022,飞鱼科技
01615,奥邦建筑
00914,海螺水泥
00472,新丝路文旅
00391,美亚娱乐资讯
01419,盈健医疗
01583,亲亲食品
00398,东方表行集团
00943,意科控股
01446,鸿福堂
01129,中国水业集团
01171,兖州煤业股份
01523,珩湾科技
00372,保德国际发展
00680,南海控股
00758,庄胜百货
01430,苏创燃气
00368,中外运航运
01546,德莱建业
01552,BHCC HOLDING
00433,北方矿业
01706,双运控股
01668,华南城
02366,星美文化旅游
01557,剑虹集团控股
02336,海亮国际
00348,中国智能健康
01533,庄园牧场
02369,酷派集团
00553,南京熊猫电子股份
00411,南顺(香港)
01569,民生教育
02363,通达宏泰
00908,珠海控股投资
01500,现恒建筑
01560,星星地产
01629,盟科控股
00798,中电光谷
01520,华信金融投资
00438,彩虹新能源
00586,海螺创业
01573,中国优质能源
01578,天津银行
01610,中粮肉食
00474,昊天发展集团
00405,越秀房产信托基金
00419,华谊腾讯娱乐
01598,21世纪教育
01667,进阶发展
02342,京信通信
60939,恒指法兴八十牛Q.C
01253,中国绿地博大绿泽
00444,先施表行
00482,圣马丁国际
01565,成实外教育
00418,方正控股
00718,太和控股
01099,国药控股
00885,仁天科技控股
01580,大森控股
01652,福森药业
01568,承达集团
01647,SHIS LTD
01577,汇鑫小贷
00764,永恒策略
00417,谢瑞麟
02341,中怡国际
00440,大新金融
01096,中能国际控股
01210,克莉丝汀
02339,京西国际
00462,天然乳品
01637,顺兴集团控股
01613,协同通信
01591,汛和集团
00480,香港兴业国际
00476,中国动力控股
01265,天津津燃公用
01587,欣融国际
01571,信邦控股
01622,力高集团
00400,科通芯城
00431,大中华金融
01559,均安控股
01176,珠光控股
00513,恒和集团
01612,永胜医疗
01616,星宏传媒
01608,伟能集团
00702,中国油气控股-新
02357,中航科工
00423,经济日报集团
01572,中国艺术金融
01620,加达控股
01581,进升集团控股
01183,澳能建设
00464,建福集团
01396,毅德国际
20173,太A麦银八乙购A.C
00420,福田实业
01623,海隆控股
01625,翔辉矿业
00499,青岛控股
01576,齐鲁高速
00508,鼎亿集团投资
00458,联亚集团
00511,电视广播
01122,庆铃汽车股份
01655,OKURA HOLDINGS
01627,安保工程控股
02358,久融控股
01662,义合控股
01369,五洲国际
01596,翼辰实业
01630,建成控股
00479,华建控股
01509,和美医疗
00483,包浩斯国际
00491,英皇文化产业
02356,大新银行集团
01203,广南(集团)
01588,畅捷通
02337,众诚能源
01659,海天能源
01420,川控股
02343,太平洋航运
01155,星辰通信
01621,域高国际控股
01678,中创环球
01397,碧瑶绿色集团
00485,中国华星
02349,中国城市基础设施
01258,中国有色矿业
02386,中石化炼化工程
01631,REF HOLDINGS
01636,中国金属利用
01561,万辉化工
01626,旅业国际
01566,华夏动漫
00685,世界华文媒体
01669,环球信贷集团
01671,天保能源
00683,嘉里建设
01666,同仁堂科技
01355,^F国际
00422,越南制造加工出口
00509,世纪阳光
01673,华章科技
01731,其利工业集团
08479,金泰丰国际控股
01145,勇利投资
00688,中国海外发展
08345,火岩控股
02379,中天国际
01639,安捷利实业
08269,富誉控股
02345,上海集优
01660,兆邦基地产
08242,新威斯顿
08230,中国宇天
02371,创联教育金融
01456,国联证券
02608,阳光100中国
08395,齐家控股
02355,宝业集团
01628,禹洲地产
01585,雅迪控股
01241,双桦控股
02368,鹰美
08195,乐亚国际
01680,澳门励骏
01301,德基科技控股
08465,高科桥
02393,巨星医疗控股
00705,鼎和矿业
01665,槟杰科达
08510,TOPSTANDARDCORP
01721,FSM HOLDINGS
01150,米兰站
08235,赛迪顾问
00503,朗生医药
00721,中国金融国际
01495,集一家居
01358,普华和顺
02488,元征科技
00044,香港飞机工程
01633,上谕集团
01656,亿仕登控股
00442,海福德集团
01600,天伦燃气
00498,保华集团
01285,嘉士利集团
01676,中国升海食品
00426,万华媒体
01696,SISRAM MED
00435,阳光房地产基金
08172,拉近网娱
00525,广深铁路股份
01689,华禧控股
00719,山东新华制药股份
02399,虎都
00460,四环医药
00769,中国稀土
01699,普甜食品
01685,博耳电力
00110,中国长远
02722,重庆机电
01710,致丰工业电子
01705,宾仕国际
00033,亚投金融集团
01722,建鹏控股
01690,立基工程控股
00318,黄河实业
01733,易大宗
00768,开明投资
00732,信利国际
02678,天虹纺织
02468,创益太阳能
02666,环球医疗
00726,中民筑友智造科技
00488,丽新发展
01729,汇聚科技
00704,和嘉资源
00269,中国资源交通
01679,瑞斯康集团
00430,东方网库
01266,西王特钢
00526,利时集团控股
00746,理文化工
00500,先丰服务集团
01693,璋利国际
02633,雅各臣科研制药
00475,中发展控股
00517,中远海运国际
01789,爱康医疗
02868,首创置业
00176,先机企业集团
00695,东吴水泥
01695,椰丰集团
00723,永保林业
00505,欢悦互娱
00497,资本策略地产
01726,HKE HOLDINGS
02708,艾伯科技
01717,澳优
02779,中国新华教育
00486,俄铝
01760,英恒科技
02638,港灯-SS
02663,应力控股
00439,光启科学
02738,华津国际控股
01763,中国同辐
01592,基石控股
01716,毛记葵涌
02669,中海物业
01450,世纪睿科
01549,永丰集团控股
08349,美固科技控股
01711,欧化
02846,安硕沪深三百
01720,普天通信集团
01702,东光化工
02801,安硕中国ETF
01715,米技国际控股
02683,华新手袋国际控股
01719,中国通商集团
00530,高银金融
00528,金达控股
00450,鸿兴印刷集团
01357,美图公司
01771,新丰泰集团
01800,中国交通建设
00519,实力建业
01240,青建国际
02698,魏桥纺织
00518,同得仕(集团)
00616,高山企业
02800,盈富基金
01815,金猫银猫
01728,正通汽车
01686,新意网集团
02728,裕华能源
01708,三宝科技
00471,中播控股
00515,达进东方照明
02828,恒生中国企业
02906,中国华仁医疗-旧
02805,领航亚洲
00575,励晶太平洋
00495,百利大
01730,LHN
03337,安东油田服务
01281,隆基泰和智慧能源
02768,佳源国际控股
02778,冠君产业信托
02788,精熙国际
00539,冠华国际控股
01803,北京体育文化
01799,新特能源
02827,标智沪深300
01766,中国中车
01752,澳洲成峰高教
00548,深圳高速公路股份
02383,TOM集团
00538,味千(中国)
01738,飞尚无烟煤
02382,舜宇光学科技
01863,中国龙天集团
01707,致浩达控股
00540,迅捷环球控股
01751,成安控股
01683,皇中国际
02926,奥立仕(万二)
00610,惠记集团
01813,合景泰富集团
02277,华融投资股份
00535,金地商置
03666,国际天食
01735,泓盈控股
00582,蓝鼎国际
00598,中国外运
03377,远洋集团
02824,力宝专选中港地产
00573,稻香控股
00531,顺诚
01829,中国机械工程
01812,晨鸣纸业
01700,华地国际控股
02662,承兴国际控股
01742,HPC HOLDINGS
01682,华隆金控
03086,BMO纳斯达克
01749,杉杉品牌
03309,希玛眼科
01698,博士蛙国际
03993,洛阳钼业
02878,晶门科技
02912,御药堂(旧)
01822,弘达金融控股
03081,价值黄金
02840,SPDR金ETF
01777,花样年控股
00593,梦东方
01811,中广核新能源
01862,景瑞控股
01725,恒达科技控股
02802,安硕亚洲新兴
01776,广发证券
02823,安硕A50
02803,PP中国基石经济
84602,ICBC CNHPREF1-R
01883,中信国际电讯
01778,彩生活
01758,博骏教育
01750,全达电器集团控股
01899,兴达国际
01819,富贵鸟
01743,苍南仪表
02952,蓝鼎国际(旧)
00560,珠江船务
02822,南方A50
01783,金仑控股有限公司
02877,神威药业
00588,北京北辰实业股份
00627,福晟国际
00585,意马国际
01932,中漆集团
01737,亚洲实业集团
00604,深圳控股
00533,金利来集团
02588,中银航空租赁
02882,香港资源控股
02834,安硕纳指一百
02623,爱德新能源
02832,博时FA50
00574,百信国际
02949,新鸿基地产一千
02327,美瑞健康国际
02838,恒生富时中国50
02863,高丰集团控股
00559,德泰新能源集团
01681,康臣药业
00587,华瀚健康
00612,中国投资基金公司
02398,友佳国际
02348,东瑞制药(新)
00600,中国基建投资
02930,十三集团(旧)
02902,威华达控股(旧)
01916,江西银行
00589,宝国国际
01823,华昱高速
01775,精英汇集团
00626,大众金融控股
02218,安德利果汁
02006,锦江酒店
03700,映客
02883,中海油田服务
02833,恒指ETF
01765,希望教育
00592,堡狮龙
03060,价值台湾ETF
00536,贸易通
02869,绿城服务
03313,雅高控股
01889,三爱健康集团
01933,元力控股
02858,易鑫集团
00570,中国中药
00603,中油燃气
02889,镍资源国际
00576,浙江沪杭甬
02340,升捷控股
00558,力劲科技
03933,联邦制药
03128,恒生A股龙头
01718,宏基集团控股
00568,山东墨龙
01908,建发国际集团
02310,申基国际
01746,万顺集团控股
00543,太平洋网络
02899,紫金矿业
00565,锦艺集团控股
03789,御佳控股
03169,领航中国
02331,李宁
01709,云裳衣
01884,EPRINT集团
03816,KFM金德
01966,中骏集团控股
02880,大连港
01882,海天国际
02954,枫叶教育(旧)
02836,安硕印度
01878,南戈壁-S
01856,依波路
03177,COMS德高息股
01786,铁建装备
00635,彩星集团
03963,融众金融
01866,中国心连心化肥
06190,九江银行
00621,坛金矿业
00546,阜丰集团
03070,平安香港高息股
03378,厦门港务
00622,威华达控股
01985,美高域
02111,超盈国际控股
03127,未来沪深三百
01898,中煤能源
02118,天山发展控股
01881,富豪产业信托
01989,松龄护老集团
01828,大昌行集团
03155,安硕ES50
03046,价值中国ETF
03010,安硕亚洲除日
03969,中国通号
00567,大昌微线集团
00607,丰盛控股
00569,中国自动化
01970,IMAX 中国
03040,未来MSCI中国
03147,南方中创业板
01830,必瘦站
03380,龙光地产
00571,丰德丽控股
06182,乙德投资控股
00595,先思行
02982,中国公共采购 旧
00648,中国华仁医疗-新
03146,安硕DAX
06178,光大证券
01963,重庆银行
00638,建溢集团
01972,太古地产
02988,泰山石化(旧)
03149,南方MSCI
01986,彩客化学
02236,惠生工程
01938,珠江钢管
00572,未来世界金融
02960,香港资源控股-旧
03883,中国奥园
04603,ICBC USDPREF1
00618,北大资源
00631,三一国际
00601,稀镁科技
00555,御泰中彩控股
03360,远东宏信
03167,工银南方中国
00591,中国高精密
03084,价值日本ETF
01885,中国优材
03137,南方中华80
02003,维信金科
00580,赛晶电力电子
00613,渝港国际
02898,龙润茶
03170,安硕韩国二百
03118,嘉实明晟A股
02973,新奥能源(一千)
00563,上实城市开发
03041,价值韩国ETF
01968,兴纺控股
01982,南旋控股
01979,天宝集团
01990,兴华港口
02002,阳光纸业
02078,荣阳实业
00643,恒富控股
01888,建滔积层板
03160,BMO日股对冲
00669,创科实业
03085,领航亚洲高息
08001,东方汇财证券
03300,中国玻璃
08049,吉林长龙药业
01999,敏华控股
03095,价值中国A股
03115,安硕恒生指数
00639,首钢资源
03948,伊泰煤炭
02028,映美控股
02000,晨讯科技
03175,F三星原油期
02010,瑞年国际
00672,众安房产
03171,COMS德股
01913,普拉达
00661,中国大冶有色金属
01886,汇源果汁
00650,IDG能源投资
03335,DBA电讯
03900,绿城中国
00645,安域亚洲
02038,富智康集团
00633,中国全通
06860,指尖悦动
04613,ZZBNK 17USDPREF
00676,创信国际
03315,金邦达宝嘉
00637,利记
03311,中国建筑国际
03197,华夏A国际通
03399,粤运交通
00647,JOYCE BOUTIQUE
00681,中民控股
08067,东方大学城控股
03186,中金金瑞中网
01996,弘阳地产
01975,新兴印刷
00641,中国恒天立信国际
07331,华夏Direxion一倍看空纳指
03326,保发集团
02033,时计宝
03110,未来恒生高股息率
00666,新工投资
03188,华夏沪深三百
04609,CMBC 16USDPREF
01831,十方控股
00673,中国卫生集团
03308,金鹰商贸集团
03145,BMO亚洲高息股
01833,平安好医生
03908,中金公司
03116,易亚富时黄金矿业
03398,华鼎控股
01998,飞克国际
03919,金力集团
08053,比优集团
03322,永嘉集团
00663,金山能源
03636,保利文化
02031,澳至尊
06198,青岛港
03020,XTR美国
03126,领航日本
00658,中国高速传动
00678,云顶香港
00668,东银国际控股
01991,大洋集团
01978,叙福楼集团
01994,海底捞(临时代码)
00677,金源米业
00674,中国唐商
06869,长飞光纤光缆
01928,金沙中国有限公司
00659,新创建集团
01997,九龙仓置业
08113,扬宇科技
03613,同仁堂国药
02011,开易控股
03368,百盛集团
03140,领航标普五百
02014,浩泽净水
02120,康宁医院
03318,中国香精香料
02116,江苏创新
08086,新维国际控股
04604,ICBC EURPREF1
02119,捷荣国际控股
02022,游莱互动
00660,伟俊矿业集团
08059,朝威控股
00646,中国环保科技
08153,科地农业
03302,光控精技
00653,卓悦控股
03358,荣威国际
03100,易方达中一百
02088,西王置业
03323,中国建材
02048,易居企业控股
02168,盈德气体
03777,中国光纤
03303,巨涛海洋石油服务
02203,泰邦集团
03389,亨得利
03813,宝胜国际
02017,沧海控股
02001,新高教集团
03663,协众国际控股
02113,东盈控股
02083,大自然家居
03683,荣丰联合控股
03788,中国罕王
02136,利福中国
03830,童园国际
03728,正利控股
03686,祈福生活服务
02123,金盾控股
02198,中国三江化工
02112,优库资源
02099,中国黄金国际
03606,福耀玻璃
02138,香港医思医疗集团
03689,康华医疗
02066,盛京银行
02166,芯智控股
03898,中车时代电气
03638,华邦金融
03822,三和建筑集团
02225,Kakiko Group
03336,巨腾国际
03319,雅生活服务
02122,凯知乐国际
04335,英特尔-T
03899,中集安瑞科
02266,黎氏企业
02212,高鹏矿业
03886,康健国际医疗
03330,灵宝黄金
02309,伯明翰体育
03823,德普科技
03778,中国织材控股
03983,中海石油化学
02133,中国多金属
03773,年年卡
02199,维珍妮
03878,VICON HOLDINGS
02312,中国金融租赁
02278,海蓝控股
02100,百奥家庭互动
02200,浩沙国际
02299,百宏实业
02023,中国绿岛科技
03393,威胜控股
03768,滇池水务
02193,万景控股
02211,大健康国际
03966,中国宝丰国际
02228,中国节能海东青
03708,日成控股
02282,美高梅中国
02302,中核国际
03998,波司登
03363,正业国际
03628,仁恒实业控股
03869,弘和仁爱医疗
03633,中裕燃气
06288,迅销
02139,甘肃银行
03626,HSSP INTL
02012,阳光油砂
02030,卡宾
03997,电讯首科
03306,江南布衣
02298,都市丽人
02080,奥克斯国际
02178,百勤油服
02313,申洲国际
02098,卓尔智联
02025,瑞丰动力
03709,珂莱蒂尔
03639,亿达中国
02286,辰兴发展
02226,老恒和酿造
02300,澳科控股
03331,维达国际
03355,先进半导体
02233,西部水泥
02239,国微技术
02232,晶苑国际
02292,晋安实业
02223,卡撒天娇
02227,守益控股
03838,中国淀粉
02221,创业集团控股
02208,金风科技
03868,群星纸业
06108,新锐医药
02281,兴泸水务
03818,中国动向
03918,金界控股
03839,正大企业国际
04337,星巴克-T
04601,BOC 2014 PREF
06866,佐力小贷
04608,HSBNK 16USDPREF
06189,爱得威建设集团
03989,首创环境
02314,理文造纸
02289,创美药业
06898,中国铝罐
03893,易纬集团
06118,奥星生命科技
06090,胜捷企业
06893,衍生集团
08025,亚洲资产
06038,信越控股
06158,正荣地产
06068,睿见教育
02329,国瑞置业
02303,恒兴黄金
04614,CMB 17USDPREF
06822,科劲国际
06138,哈尔滨银行
06136,康达环保
06882,东瀛游
06133,维太移动
06083,环宇物流(亚洲)
08047,中国海洋捕捞
06808,高鑫零售
06823,香港电讯-SS
08050,量子思维
06163,彭顺国际
06863,辉山乳业
06169,宇华教育
02328,中国财险
07200,南方两倍看多恒指
07231,未来两倍看多恒指
02293,百本医护
02229,长港敦信
04606,CCB 15USDPREF
06033,电讯数码控股
06161,泰加保险
04610,CZB 17USDPREF
06826,昊海生物科技
08076,新利软件
06889,Dynam
08028,天时软件
06899,联众
06865,福莱特玻璃
08040,DCB控股
06036,光丽科技
08005,裕兴科技
06113,UTS MARKETING
04605,BOCOM 15USDPREF
06878,鼎丰集团控股
08020,宏海控股集团
06088,鸿腾精密
08035,骏高控股
06128,泛亚国际
02326,新源万恒控股
06123,圆通速递国际
08027,吉辉控股
07210,XL二易亚中概股
06139,金茂酒店-SS
03939,万国国际矿业
02308,研祥智能
06816,瑞港建设
02307,锦兴国际控股
02322,仁瑞投资
03999,大成食品
08011,百田石油
06183,中国绿宝
08088,汇友生命科学
02317,味丹国际
06836,天韵国际控股
06100,有才天下猎聘
08056,饮食概念
02324,首都创投
08038,金力集团
02283,东江集团控股
06098,碧桂园服务
04338,微软-T
06877,昆仑国际金融
06080,荣智控股
08019,皓文控股
06829,龙升集团控股
08030,汇联金融服务
08022,永耀集团控股
08026,朗华国际集团
08007,环球战略集团
08087,中国三三传媒
08029,太阳国际
08009,华夏能源控股
08012,环宇物流(亚洲)
08033,爱达利网络
08041,荟萃国际(控股)
07322,XI未来标普
06880,腾邦控股
08093,万星控股
08032,非凡中国
08021,汇隆控股
08055,中国网络信息科技
08080,北亚策略
08018,汇财金融投资
06885,金马能源
08065,高萌科技
08103,万泰企业(二千)
07328,三星一倍看空国指
06858,本间高尔夫
08131,辰罡科技
07302,FI易方达恒指
08045,南大苏富特
08008,新意网集团(旧)
08057,麦迪森控股
08078,HMV数码中国
07288,南方两倍看多国指
08105,皇
08037,中国生物科技服务
08089,华人策略控股
08043,ATLINKS
08051,讯智海
08161,医汇集团
08083,中国有赞
08101,壹家壹品
08095,北大青鸟环宇
08090,中国融保金融集团
08072,罗马集团
07388,南方一倍看空国指
08003,世大控股
08176,超人智能
08085,香港生命科学
08108,福泽集团
08077,昆仑国际金融
08075,寰亚传媒
08013,ECI TECH
08069,纵横游控股
08107,威诚国际控股
08102,利宝阁集团
07336,未来一倍看空恒指
08081,互娱中国
08066,品创控股
02323,中国港桥
08070,侨洋国际控股
08137,洪桥集团
08175,中国数码文化
07267,华夏Direxion两倍看多国指
07230,未来两倍看多国指
08125,仁德资源
08052,陆庆娱乐
07205,三星两倍看多恒指
08048,御德国际控股
08160,GOLDWAY EDU
08039,中国卓银
08062,俊盟国际
08179,新煮意控股
08158,中国再生医学
08006,华泰瑞银
08060,国联通信
08128,中国地热能
08016,长虹佳华
08071,中彩网通控股
08100,智易控股
08109,麒麟集团控股-新
08091,奥传思维控股
08127,云裳衣
08023,邝文记
08061,光亚
08117,中国基础能源
08096,瑞丰石化
07300,南方一倍看空恒指
07341,华夏Direxion一倍看空国指
07221,华夏Direxion两倍看多恒指
07321,华夏Direxion一倍看空恒指
07362,未来一倍看空国指
08191,鸿伟亚洲
08163,万德金融
08143,华夏医疗
08092,ITE HOLDINGS
08150,无缝绿色
08149,浩德控股
08120,国农金融投资
08132,中油港燃
08063,环球大通集团
08167,中国新电信
08031,易通讯集团
08133,铸能控股
08205,交大慧谷
08098,昌利控股
08082,仁智国际集团
08046,恒芯中国
07228,三星两倍看多国指
08121,超凡网络
08152,明梁控股
08073,兴业新材料
08197,北斗嘉药业
08146,怡园酒业
08106,升华兰德
08212,誉满国际控股
08165,华普智通
08138,同仁堂国药
08126,G.A.控股
08201,宝联控股
08118,濠亮环球
08151,宝申控股
08218,毅高国际控股
08156,众彩股份
08147,汇思太平洋
08181,恒生控股有限公司
08173,万亚企业控股
08202,汇创控股
08145,电讯首科
08241,英记茶庄集团
08157,象兴国际
00547,数字王国
08148,奥柏中国
08192,环球能源资源
08155,南华资产控股
08228,国艺娱乐
08139,长安仁恒
08188,骏杰集团控股
08142,德利机械
08217,联旺集团
08229,FUTURE DATA
08272,华人饮食集团
08123,华亿金控
08227,海天天线控股
08268,迪臣建设
08166,中国农业生态
08116,中国幸福投资
08140,人和科技
08170,KSL
08221,PF GROUP
01910,新秀丽
08159,辉煌科技
08203,凯顺控股
08187,积木集团
08112,基石金融
08270,中国煤层气
08258,西北实业
08119,即时科研
08276,新海连控股
08232,CLASSIFIED GP
08223,紫元元
01211,比亚迪股份
08231,节能元件
08219,恒伟集团控股
08249,瑞远智控
08196,建禹集团
08130,智城控股
08171,中国趋势
08136,英马斯集团
08207,中新控股
08177,REF Holdings
08246,北方新能源
08129,云信投资控股
08193,汉华专业服务
08198,乐透互娱
08277,骏东控股
08279,亚博科技控股
08206,神通机器人教育
08240,展程控股
08135,正美丰业
08111,中科光电
08169,环康集团
08243,大贺传媒
08233,中国基建港口
08297,芭迪贝伊
08141,应力控股
08225,中国医疗集团
08222,壹照明
08162,港银控股
08260,银合控股
08316,柏荣集团控股
08215,第一信用
08186,同仁资源
08122,德莱建业
08211,浙江永安
08213,新智控股
08261,海天能源
08257,靖洋集团
08236,宝德科技集团
08182,中国糖果
08216,百本医护
08210,衍汇亚洲
08178,中国信息科技
08313,杰地集团
08273,浙江展望
08220,比高集团
08200,修身堂
08237,华星控股
08265,中国之信集团
08189,泰达生物
08183,尚捷集团控股
08275,永勤集团控股
08283,正力控股
08280,中国数字视频
08327,泰邦集团
08291,万成金属包装
08245,安悦国际控股
08340,域高金融
00370,国华
08308,古兜控股
08266,卓信国际控股
06030,中信证券
02121,一化控股
08329,海王英特龙
08251,优越集团控股
08278,CMON
08343,宏光照明
08267,蓝港互动
08346,创新电子控股
08337,直通电讯
08296,中国生命集团
08290,亚势备份
08305,棠记控股
08250,丝路能源
08310,大丰港
08317,财华社集团
02068,中铝国际
08238,惠陶集团
08293,星亚控股
02016,浙商银行
08320,沛然环保
08325,中国支付通
08341,艾硕控股
00700,腾讯控股
08333,阿仕特朗金融
06837,海通证券
08352,成安控股
08401,源想集团
08285,森浩集团
08239,首都金融控股
08287,ZIONCOM
08355,超智能控股
02600,中国铝业
00939,建设银行
08351,俊文宝石
08309,万成环球控股
08271,环球数码创意
01071,华电国际电力股份
08311,圆美光电
08282,智傲控股
01115,西藏水资源
08301,明华科技
08295,中植资本国际
08368,中国创意控股
01398,工商银行
00493,国美零售
08247,中生北控生物科技
08262,宏强控股
08361,中国育儿网络
08348,滨海泰达物流
00753,中国国航
08300,皇玺餐饮集团
08292,盛良物流
08347,F8企业
08412,高门集团
08405,恒智控股
02051,51信用卡
03333,中国恒大
01918,融创中国
08319,思博系统
08336,电讯数码控股
08318,正利控股
00763,中兴通讯
01137,香港电视
01810,小米集团-W
01337,雷蛇
08255,神州数字
08353,安科系统
08409,海鑫集团
08315,冠辉集团控股
08281,中国金典集团
00552,中国通信服务
00083,信和置业
08342,飞思达科技
08252,泰和小贷
01638,佳兆业集团
08286,长城微光
00388,香港交易所
00857,中国石油股份
08307,密迪斯肌
00023,东亚银行
08312,中国瀚亚
02611,国泰君安
08359,HYPEBEAST
08350,骏溢环球金融
08299,大唐潼金
08328,信义香港
08417,大地教育
08385,万里印刷
08379,汇安智能
08407,兴证国际
08365,建泉国际控股
08326,同景新能源
00861,神州控股
08321,泰锦控股
08413,亚洲杂货
08357,REPUBLIC HC
08356,中国新华电视
08306,中国有色金属
08376,方圆房服集团
00564,郑煤机
00542,富元国际集团
08383,东骏控股
08358,卓珈控股
08367,倩碧控股
08371,尝高美集团
08427,瑞强集团
00566,汉能薄膜发电
08436,德宝集团控股
01029,铁货
08420,NEXION TECH
08373,靛蓝星
08445,怡康泰工程集团
08429,冰雪集团
08452,富银融资股份
08372,君百延集团
08375,弘浩国际控股
08416,HM INTL HLDGS
08432,太平洋酒吧
08419,AV策划推广
08391,精雅印刷集团
06196,郑州银行
08402,GT STEEL GROUP
08410,安领国际
08437,德斯控股
08411,K W NELSON GP
08469,盛业资本
08421,永顺控股香港
08447,MS CONCEPT
08428,国茂控股
02268,优源控股
08456,民信国际控股
01169,海尔电器
01538,中奥到家
08430,春能控股
08431,浩柏国际
00323,马鞍山钢铁股份
08448,环球印馆
08463,TOMO HOLDINGS
08403,天平道合
